Workbook

Sheet Overview
C1: Installed capacity per scenario [GWh, GW or tCO2/hour] | G1: Produced energy per scenario [GWh, Million kilometers, tCO2] | K1: Non-prospective LCA database information | U1: Prospective LCA database information | AD1: EF v3.1 SSP2-Base | AT1: Results v3.1 SSP2-Base EP2050+ | BJ1: Results v3.1 SSP2-Base MIX | BZ1: Results v3.1 SSP2-Base RE MIX | CP1: EF v3.1 SSP2-PkBudg1150
A2: Calliope technology | B2: Real life name | C2: EP2050+ | D2: MIX | E2: RE MIX | F2: H2 Imports | G2: EP2050+ | H2: MIX | I2: RE MIX | J2: H2 Imports | K2: Database | L2: Activity name | M2: Activity Code | N2: Location | O2: Unit of the technology in LCA | P2: Quantity for Calliope | Q2: Carrier for energy production | R2: Special instructions for ecoinvent data | S2: Inputs which were removed | T2: Comment | U2: Activity name | V2: Activity Code | W2: Location | X2: Location of impact | Y2: Unit of the dataset | Z2: conversion factor to GWh or GW | AA2: conversion factor to Million kilometers | AB2: conversion factor to t CO2 | AC2: unit of conversion factor | AD2: climate change [kg CO2-eq. per unit of dataset] | AE2: particular matter formation [disease incidence per unit of dataset] | AF2: photochemical oxidant [kg NMVOC-eq. per unit of dataset] | AG2: marine eutrophication [kg N-eq. per unit of dataset] | AH2: terrestrial eutrophication [mol N-eq. per unit of dataset] | AI2: freshwater eutrophication [kg P-eq. per unit of dataset] | AJ2: acidification [mol H+-eq. per unit of dataset] | AK2: human toxicity: non-carcinogenic [CTUh per unit of dataset] | AL2: humantoxicity: carcinogenic [CTUh per unit of dataset] | AM2: freshwater ecotoxicity [CTUe per unit of dataset] | AN2: energy ressources (non renewable) [MJ, net calorific value per unit of dataset] | AO2: material resources: metals/minerals [kg Sb-eq. per unit of dataset] | AP2: ozone depletion [kg CFC-11-eq. per unit of dataset] | AQ2: ionising radiation: human health [kBq U235-eq. per unit of dataset] | AR2: land use [no dimension per unit of dataset] | AS2: water use [m3 world eq. deprived per unit of dataset] | AT2: climate change [kg CO2-eq.] | AU2: particular matter formation [disease incidence] | AV2: photochemical oxidant [kg NMVOC-eq.] | AW2: marine eutrophication [kg N-eq.] | AX2: terrestrial eutrophication [mol N-eq.] | AY2: freshwater eutrophication [kg P-eq.] | AZ2: acidification [mol H+-eq.] | BA2: human toxicity: non-carcinogenic [CTUh] | BB2: humantoxicity: carcinogenic [CTUh] | BC2: freshwater ecotoxicity [CTUe] | BD2: energy ressources (non renewable) [MJ, net calorific value] | BE2: material resources: metals/minerals [kg Sb-eq.] | BF2: ozone depletion [kg CFC-11-eq.] | BG2: ionisinng radiation: human health [kBq U235-eq.] | BH2: land use [no dimension] | BI2: water use [m3 world eq. Deprived] | BJ2: climate change [kg CO2-eq.] | BK2: particular matter formation [disease incidence] | BL2: photochemical oxidant [kg NMVOC-eq.] | BM2: marine eutrophication [kg N-eq.] | BN2: terrestrial eutrophication [mol N-eq.] | BO2: freshwater eutrophication [kg P-eq.] | BP2: acidification [mol H+-eq.] | BQ2: human toxicity: non-carcinogenic [CTUh] | BR2: humantoxicity: carcinogenic [CTUh] | BS2: freshwater ecotoxicity [CTUe] | BT2: energy ressources (non renewable) [MJ, net calorific value] | BU2: material resources: metals/minerals [kg Sb-eq.] | BV2: ozone depletion [kg CFC-11-eq.] | BW2: ionisinng radiation: human health [kBq U235-eq.] | BX2: land use [no dimension] | BY2: water use [m3 world eq. Deprived] | BZ2: climate change [kg CO2-eq.] | CA2: particular matter formation [disease incidence] | CB2: photochemical oxidant [kg NMVOC-eq.] | CC2: marine eutrophication [kg N-eq.] | CD2: terrestrial eutrophication [mol N-eq.] | CE2: freshwater eutrophication [kg P-eq.] | CF2: acidification [mol H+-eq.] | CG2: human toxicity: non-carcinogenic [CTUh] | CH2: humantoxicity: carcinogenic [CTUh] | CI2: freshwater ecotoxicity [CTUe] | CJ2: energy ressources (non renewable) [MJ, net calorific value] | CK2: material resources: metals/minerals [kg Sb-eq.] | CL2: ozone depletion [kg CFC-11-eq.] | CM2: ionisinng radiation: human health [kBq U235-eq.] | CN2: land use [no dimension] | CO2: water use [m3 world eq. Deprived] | CP2: climate change [kg CO2-eq. per unit of dataset] | CQ2: particular matter formation [disease incidence per unit of dataset] | CR2: photochemical oxidant [kg NMVOC-eq. per unit of dataset] | CS2: marine eutrophication [kg N-eq. per unit of dataset] | CT2: terrestrial eutrophication [mol N-eq. per unit of dataset] | CU2: freshwater eutrophication [kg P-eq. per unit of dataset] | CV2: acidification [mol H+-eq. per unit of dataset] | CW2: human toxicity: non-carcinogenic [CTUh per unit of dataset] | CX2: humantoxicity: carcinogenic [CTUh per unit of dataset] | CY2: freshwater ecotoxicity [CTUe per unit of dataset] | CZ2: energy ressources (non renewable) [MJ, net calorific value per unit of dataset] | DA2: material resources: metals/minerals [kg Sb-eq. per unit of dataset] | DB2: ozone depletion [kg CFC-11-eq. per unit of dataset] | DC2: ionising radiation: human health [kBq U235-eq. per unit of dataset] | DD2: land use [no dimension per unit of dataset] | DE2: water use [m3 world eq. deprived per unit of dataset]
A4: battery | B4: Grid storage batteries | C4: 0.00011810939 | D4: 9.5158326e-06 | E4: 2.7873239e-05 | F4: 0.00021582062 | G4: 0.12031879 | H4: 0.025921036 | I4: 0.05699462 | J4: 0.34297312 | K4: ecoinvent 3.9.1 | L4: battery production, Li-ion, NMC811, rechargeable, prismatic | M4: 0f8c132a27a299fb959c5e35254f4861 | N4: CN | O4: 1.0 kilogram | P4: storage_cap | Q4: electricity | R4: assuming 23.53 kWh / 158 kg of battery Lifetime of 10 years | S4: - | T4: - | U4: battery production, Li-ion, NMC811, rechargeable, prismatic | V4: 0f8c132a27a299fb959c5e35254f4861 | W4: CN | X4: Abroad | Y4: kg | Z4: =158/23.53*1000000 -> 6714832.1 | AC4: kg/GWh | AD4: =SUMIF(#REF!,Overview!U4,#REF!) -> #REF! | AE4: =SUMIF(#REF!,Overview!U4,#REF!) -> #REF! | AF4: =SUMIF(#REF!,Overview!U4,#REF!) -> #REF! | AG4: =SUMIF(#REF!,Overview!U4,#REF!) -> #REF! | AH4: =SUMIF(#REF!,Overview!U4,#REF!) -> #REF! | AI4: =SUMIF(#REF!,Overview!U4,#REF!) -> #REF! | AJ4: =SUMIF(#REF!,Overview!U4,#REF!) -> #REF! | AK4: =SUMIF(#REF!,Overview!U4,#REF!) -> #REF! | AL4: =SUMIF(#REF!,Overview!U4,#REF!) -> #REF! | AM4: =SUMIF(#REF!,Overview!U4,#REF!) -> #REF! | AN4: =SUMIF(#REF!,Overview!U4,#REF!) -> #REF! | AO4: =SUMIF(#REF!,Overview!U4,#REF!) -> #REF! | AP4: =SUMIF(#REF!,Overview!U4,#REF!) -> #REF! | AQ4: =SUMIF(#REF!,Overview!U4,#REF!) -> #REF! | AR4: =SUMIF(#REF!,Overview!U4,#REF!) -> #REF! | AS4: =SUMIF(#REF!,Overview!U4,#REF!) -> #REF! | AT4: =AD4*$Z4*$C4/10 -> #REF! | AU4: =AE4*$Z4*$C4/10 -> #REF! | AV4: =AF4*$Z4*$C4/10 -> #REF! | AW4: =AG4*$Z4*$C4/10 -> #REF! | AX4: =AH4*$Z4*$C4/10 -> #REF! | AY4: =AI4*$Z4*$C4/10 -> #REF! | AZ4: =AJ4*$Z4*$C4/10 -> #REF! | BA4: =AK4*$Z4*$C4/10 -> #REF! | ... BI4: =AS4*$Z4*$C4/10 -> #REF! | BJ4: =AD4*$Z4*$D4/10 -> #REF! | BK4: =AE4*$Z4*$D4/10 -> #REF! | BL4: =AF4*$Z4*$D4/10 -> #REF! | BM4: =AG4*$Z4*$D4/10 -> #REF! | BN4: =AH4*$Z4*$D4/10 -> #REF! | BO4: =AI4*$Z4*$D4/10 -> #REF! | BP4: =AJ4*$Z4*$D4/10 -> #REF! | BQ4: =AK4*$Z4*$D4/10 -> #REF! | ... BY4: =AS4*$Z4*$D4/10 -> #REF! | BZ4: =AD4*$Z4*$E4/10 -> #REF! | CA4: =AE4*$Z4*$E4/10 -> #REF! | CB4: =AF4*$Z4*$E4/10 -> #REF! | CC4: =AG4*$Z4*$E4/10 -> #REF! | CD4: =AH4*$Z4*$E4/10 -> #REF! | CE4: =AI4*$Z4*$E4/10 -> #REF! | CF4: =AJ4*$Z4*$E4/10 -> #REF! | CG4: =AK4*$Z4*$E4/10 -> #REF! | ... CO4: =AS4*$Z4*$E4/10 -> #REF! | CP4: =SUMIF(#REF!,Overview!$U4,#REF!) -> #REF! | CQ4: =SUMIF(#REF!,Overview!$U4,#REF!) -> #REF! | CR4: =SUMIF(#REF!,Overview!$U4,#REF!) -> #REF! | CS4: =SUMIF(#REF!,Overview!$U4,#REF!) -> #REF! | CT4: =SUMIF(#REF!,Overview!$U4,#REF!) -> #REF! | CU4: =SUMIF(#REF!,Overview!$U4,#REF!) -> #REF! | CV4: =SUMIF(#REF!,Overview!$U4,#REF!) -> #REF! | CW4: =SUMIF(#REF!,Overview!$U4,#REF!) -> #REF! | ... DE4: =SUMIF(#REF!,Overview!$U4,#REF!) -> #REF!
B5: Biofuel to biofuel boiler | G5: 38498 | R5: LHV of 19MJ/kg | U5: market for biomass, used as fuel | V5: 0c1c787fe88d4390a27b37129e314b49 | W5: EUR | X5: CH | Y5: kg | Z5: =3.6*1000000/19 -> 189473.68 | AC5: kg/GWh | AD5: =SUMIF(#REF!,Overview!U5,#REF!) -> #REF! | AE5: =SUMIF(#REF!,Overview!U5,#REF!) -> #REF! | AF5: =SUMIF(#REF!,Overview!U5,#REF!) -> #REF! | AG5: =SUMIF(#REF!,Overview!U5,#REF!) -> #REF! | AH5: =SUMIF(#REF!,Overview!U5,#REF!) -> #REF! | AI5: =SUMIF(#REF!,Overview!U5,#REF!) -> #REF! | AJ5: =SUMIF(#REF!,Overview!U5,#REF!) -> #REF! | AK5: =SUMIF(#REF!,Overview!U5,#REF!) -> #REF! | AL5: =SUMIF(#REF!,Overview!U5,#REF!) -> #REF! | AM5: =SUMIF(#REF!,Overview!U5,#REF!) -> #REF! | AN5: =SUMIF(#REF!,Overview!U5,#REF!) -> #REF! | AO5: =SUMIF(#REF!,Overview!U5,#REF!) -> #REF! | AP5: =SUMIF(#REF!,Overview!U5,#REF!) -> #REF! | AQ5: =SUMIF(#REF!,Overview!U5,#REF!) -> #REF! | AR5: =SUMIF(#REF!,Overview!U5,#REF!) -> #REF! | AS5: =SUMIF(#REF!,Overview!U5,#REF!) -> #REF! | AT5: =AD5*$Z5*$G5 -> #REF! | AU5: =AE5*$Z5*$G5 -> #REF! | AV5: =AF5*$Z5*$G5 -> #REF! | AW5: =AG5*$Z5*$G5 -> #REF! | AX5: =AH5*$Z5*$G5 -> #REF! | AY5: =AI5*$Z5*$G5 -> #REF! | AZ5: =AJ5*$Z5*$G5 -> #REF! | BA5: =AK5*$Z5*$G5 -> #REF! | ... BI5: =AS5*$Z5*$G5 -> #REF! | CP5: =SUMIF(#REF!,Overview!$U5,#REF!) -> #REF! | CQ5: =SUMIF(#REF!,Overview!$U5,#REF!) -> #REF! | CR5: =SUMIF(#REF!,Overview!$U5,#REF!) -> #REF! | CS5: =SUMIF(#REF!,Overview!$U5,#REF!) -> #REF! | CT5: =SUMIF(#REF!,Overview!$U5,#REF!) -> #REF! | CU5: =SUMIF(#REF!,Overview!$U5,#REF!) -> #REF! | CV5: =SUMIF(#REF!,Overview!$U5,#REF!) -> #REF! | CW5: =SUMIF(#REF!,Overview!$U5,#REF!) -> #REF! | ... DE5: =SUMIF(#REF!,Overview!$U5,#REF!) -> #REF!
B6: Biofuel to biofuel to methane | G6: 2413 | R6: LHV of 19MJ/kg | U6: market for biomass, used as fuel | V6: 0c1c787fe88d4390a27b37129e314b49 | W6: EUR | X6: CH | Y6: kg | Z6: =3.6*1000000/19 -> 189473.68 | AC6: kg/GWh | AD6: =SUMIF(#REF!,Overview!U6,#REF!) -> #REF! | AE6: =SUMIF(#REF!,Overview!U6,#REF!) -> #REF! | AF6: =SUMIF(#REF!,Overview!U6,#REF!) -> #REF! | AG6: =SUMIF(#REF!,Overview!U6,#REF!) -> #REF! | AH6: =SUMIF(#REF!,Overview!U6,#REF!) -> #REF! | AI6: =SUMIF(#REF!,Overview!U6,#REF!) -> #REF! | AJ6: =SUMIF(#REF!,Overview!U6,#REF!) -> #REF! | AK6: =SUMIF(#REF!,Overview!U6,#REF!) -> #REF! | AL6: =SUMIF(#REF!,Overview!U6,#REF!) -> #REF! | AM6: =SUMIF(#REF!,Overview!U6,#REF!) -> #REF! | AN6: =SUMIF(#REF!,Overview!U6,#REF!) -> #REF! | AO6: =SUMIF(#REF!,Overview!U6,#REF!) -> #REF! | AP6: =SUMIF(#REF!,Overview!U6,#REF!) -> #REF! | AQ6: =SUMIF(#REF!,Overview!U6,#REF!) -> #REF! | AR6: =SUMIF(#REF!,Overview!U6,#REF!) -> #REF! | AS6: =SUMIF(#REF!,Overview!U6,#REF!) -> #REF! | AT6: =AD6*$Z6*$G6 -> #REF! | AU6: =AE6*$Z6*$G6 -> #REF! | AV6: =AF6*$Z6*$G6 -> #REF! | AW6: =AG6*$Z6*$G6 -> #REF! | AX6: =AH6*$Z6*$G6 -> #REF! | AY6: =AI6*$Z6*$G6 -> #REF! | AZ6: =AJ6*$Z6*$G6 -> #REF! | BA6: =AK6*$Z6*$G6 -> #REF! | ... BI6: =AS6*$Z6*$G6 -> #REF! | CP6: =SUMIF(#REF!,Overview!$U6,#REF!) -> #REF! | CQ6: =SUMIF(#REF!,Overview!$U6,#REF!) -> #REF! | CR6: =SUMIF(#REF!,Overview!$U6,#REF!) -> #REF! | CS6: =SUMIF(#REF!,Overview!$U6,#REF!) -> #REF! | CT6: =SUMIF(#REF!,Overview!$U6,#REF!) -> #REF! | CU6: =SUMIF(#REF!,Overview!$U6,#REF!) -> #REF! | CV6: =SUMIF(#REF!,Overview!$U6,#REF!) -> #REF! | CW6: =SUMIF(#REF!,Overview!$U6,#REF!) -> #REF! | ... DE6: =SUMIF(#REF!,Overview!$U6,#REF!) -> #REF!
B7: Biofuel to biofuel boiler (ind.) | G7: 89 | R7: LHV of 19MJ/kg | U7: market for biomass, used as fuel | V7: 0c1c787fe88d4390a27b37129e314b49 | W7: EUR | X7: CH | Y7: kg | Z7: =3.6*1000000/19 -> 189473.68 | AC7: kg/GWh | AD7: =SUMIF(#REF!,Overview!U7,#REF!) -> #REF! | AE7: =SUMIF(#REF!,Overview!U7,#REF!) -> #REF! | AF7: =SUMIF(#REF!,Overview!U7,#REF!) -> #REF! | AG7: =SUMIF(#REF!,Overview!U7,#REF!) -> #REF! | AH7: =SUMIF(#REF!,Overview!U7,#REF!) -> #REF! | AI7: =SUMIF(#REF!,Overview!U7,#REF!) -> #REF! | AJ7: =SUMIF(#REF!,Overview!U7,#REF!) -> #REF! | AK7: =SUMIF(#REF!,Overview!U7,#REF!) -> #REF! | AL7: =SUMIF(#REF!,Overview!U7,#REF!) -> #REF! | AM7: =SUMIF(#REF!,Overview!U7,#REF!) -> #REF! | AN7: =SUMIF(#REF!,Overview!U7,#REF!) -> #REF! | AO7: =SUMIF(#REF!,Overview!U7,#REF!) -> #REF! | AP7: =SUMIF(#REF!,Overview!U7,#REF!) -> #REF! | AQ7: =SUMIF(#REF!,Overview!U7,#REF!) -> #REF! | AR7: =SUMIF(#REF!,Overview!U7,#REF!) -> #REF! | AS7: =SUMIF(#REF!,Overview!U7,#REF!) -> #REF! | AT7: =AD7*$Z7*$G7 -> #REF! | AU7: =AE7*$Z7*$G7 -> #REF! | AV7: =AF7*$Z7*$G7 -> #REF! | AW7: =AG7*$Z7*$G7 -> #REF! | AX7: =AH7*$Z7*$G7 -> #REF! | AY7: =AI7*$Z7*$G7 -> #REF! | AZ7: =AJ7*$Z7*$G7 -> #REF! | BA7: =AK7*$Z7*$G7 -> #REF! | ... BI7: =AS7*$Z7*$G7 -> #REF! | CP7: =SUMIF(#REF!,Overview!$U7,#REF!) -> #REF! | CQ7: =SUMIF(#REF!,Overview!$U7,#REF!) -> #REF! | CR7: =SUMIF(#REF!,Overview!$U7,#REF!) -> #REF! | CS7: =SUMIF(#REF!,Overview!$U7,#REF!) -> #REF! | CT7: =SUMIF(#REF!,Overview!$U7,#REF!) -> #REF! | CU7: =SUMIF(#REF!,Overview!$U7,#REF!) -> #REF! | CV7: =SUMIF(#REF!,Overview!$U7,#REF!) -> #REF! | CW7: =SUMIF(#REF!,Overview!$U7,#REF!) -> #REF! | ... DE7: =SUMIF(#REF!,Overview!$U7,#REF!) -> #REF!
A8: biofuel_to_diesel | B8: Biodiesel production | C8: 3.8553643e-06 | D8: 0 | E8: 0 | F8: 6.2196363e-06 | G8: 0.0096920117 | H8: 0 | I8: 0.010014449 | J8: 0.012292228 | K8: ecoinvent 3.9.1 | L8: esterification of vegetable oils and animal fats, average mix | M8: 82feb4582c0938c6ac7d1c78319dae7d | N8: BR | O8: 1.0 kilogram | P8: carrier_prod | Q8: diesel | R8: Multiply by 43 / 3.6e6 to obtain GWh / kg, assuming LHV of 43 MJ / kg so 43 / 3.6e6 GWh/kg Lifetime of 20 years | S8: soybean meal and crude oil production (location : BR) | market for cottonseed oil, crude (location : GLO) | T8: - | U8: esterification of vegetable oils and animal fats, average mix, Calliope | V8: 82feb4582c0938c6ac7d1c78319dae7d | W8: BR | X8: CH | Y8: kg | Z8: =3.6*1000000/43 -> 83720.93 | AC8: kg/GWh | AD8: =SUMIF(#REF!,Overview!U8,#REF!) -> #REF! | AE8: =SUMIF(#REF!,Overview!U8,#REF!) -> #REF! | AF8: =SUMIF(#REF!,Overview!U8,#REF!) -> #REF! | AG8: =SUMIF(#REF!,Overview!U8,#REF!) -> #REF! | AH8: =SUMIF(#REF!,Overview!U8,#REF!) -> #REF! | AI8: =SUMIF(#REF!,Overview!U8,#REF!) -> #REF! | AJ8: =SUMIF(#REF!,Overview!U8,#REF!) -> #REF! | AK8: =SUMIF(#REF!,Overview!U8,#REF!) -> #REF! | AL8: =SUMIF(#REF!,Overview!U8,#REF!) -> #REF! | AM8: =SUMIF(#REF!,Overview!U8,#REF!) -> #REF! | AN8: =SUMIF(#REF!,Overview!U8,#REF!) -> #REF! | AO8: =SUMIF(#REF!,Overview!U8,#REF!) -> #REF! | AP8: =SUMIF(#REF!,Overview!U8,#REF!) -> #REF! | AQ8: =SUMIF(#REF!,Overview!U8,#REF!) -> #REF! | AR8: =SUMIF(#REF!,Overview!U8,#REF!) -> #REF! | AS8: =SUMIF(#REF!,Overview!U8,#REF!) -> #REF! | AT8: =AD8*$Z8*$G8 -> #REF! | AU8: =AE8*$Z8*$G8 -> #REF! | AV8: =AF8*$Z8*$G8 -> #REF! | AW8: =AG8*$Z8*$G8 -> #REF! | AX8: =AH8*$Z8*$G8 -> #REF! | AY8: =AI8*$Z8*$G8 -> #REF! | AZ8: =AJ8*$Z8*$G8 -> #REF! | BA8: =AK8*$Z8*$G8 -> #REF! | ... BI8: =AS8*$Z8*$G8 -> #REF! | BJ8: =AD8*$Z8*$H8 -> #REF! | BK8: =AE8*$Z8*$H8 -> #REF! | BL8: =AF8*$Z8*$H8 -> #REF! | BM8: =AG8*$Z8*$H8 -> #REF! | BN8: =AH8*$Z8*$H8 -> #REF! | BO8: =AI8*$Z8*$H8 -> #REF! | BP8: =AJ8*$Z8*$H8 -> #REF! | BQ8: =AK8*$Z8*$H8 -> #REF! | ... BY8: =AS8*$Z8*$H8 -> #REF! | BZ8: =AD8*$Z8*$I8 -> #REF! | CA8: =AE8*$Z8*$I8 -> #REF! | CB8: =AF8*$Z8*$I8 -> #REF! | CC8: =AG8*$Z8*$I8 -> #REF! | CD8: =AH8*$Z8*$I8 -> #REF! | CE8: =AI8*$Z8*$I8 -> #REF! | CF8: =AJ8*$Z8*$I8 -> #REF! | CG8: =AK8*$Z8*$I8 -> #REF! | ... CO8: =AS8*$Z8*$I8 -> #REF! | CP8: =SUMIF(#REF!,Overview!$U8,#REF!) -> #REF! | CQ8: =SUMIF(#REF!,Overview!$U8,#REF!) -> #REF! | CR8: =SUMIF(#REF!,Overview!$U8,#REF!) -> #REF! | CS8: =SUMIF(#REF!,Overview!$U8,#REF!) -> #REF! | CT8: =SUMIF(#REF!,Overview!$U8,#REF!) -> #REF! | CU8: =SUMIF(#REF!,Overview!$U8,#REF!) -> #REF! | CV8: =SUMIF(#REF!,Overview!$U8,#REF!) -> #REF! | CW8: =SUMIF(#REF!,Overview!$U8,#REF!) -> #REF! | ... DE8: =SUMIF(#REF!,Overview!$U8,#REF!) -> #REF!
A9: biofuel_to_methane | B9: Biomethane production | C9: 0.19229255 | D9: 0 | E9: 1.5459477 | F9: 2.4600906e-06 | G9: 1689.0953 | H9: 0.0056005361 | I9: 13579.551 | J9: 0.016739178 | K9: ecoinvent 3.9.1 | L9: biomethane production, high pressure from synthetic gas, wood, fluidised technology | M9: 02fbdebc28ae8a5bf87f167e0797c8da | N9: CH | O9: 1.0 cubic meter | P9: carrier_prod | Q9: methane | R9: Multiply by 34.4 / 3.6e6 to obtain GWh / m3, assuming LHV = 34.4 MJ / Nm3 = 34.4 / 3.6e6 GWh/Nm3 Lifetime of 20 years | S9: - | T9: - | U9: biomethane production, high pressure from synthetic gas, wood, fluidised technology | V9: 02fbdebc28ae8a5bf87f167e0797c8da | W9: CH | X9: CH | Y9: m3 | Z9: =3.6*1000000/34.4 -> 104651.16 | AC9: m3/GWh | AD9: =SUMIF(#REF!,Overview!U9,#REF!) -> #REF! | AE9: =SUMIF(#REF!,Overview!U9,#REF!) -> #REF! | AF9: =SUMIF(#REF!,Overview!U9,#REF!) -> #REF! | AG9: =SUMIF(#REF!,Overview!U9,#REF!) -> #REF! | AH9: =SUMIF(#REF!,Overview!U9,#REF!) -> #REF! | AI9: =SUMIF(#REF!,Overview!U9,#REF!) -> #REF! | AJ9: =SUMIF(#REF!,Overview!U9,#REF!) -> #REF! | AK9: =SUMIF(#REF!,Overview!U9,#REF!) -> #REF! | AL9: =SUMIF(#REF!,Overview!U9,#REF!) -> #REF! | AM9: =SUMIF(#REF!,Overview!U9,#REF!) -> #REF! | AN9: =SUMIF(#REF!,Overview!U9,#REF!) -> #REF! | AO9: =SUMIF(#REF!,Overview!U9,#REF!) -> #REF! | AP9: =SUMIF(#REF!,Overview!U9,#REF!) -> #REF! | AQ9: =SUMIF(#REF!,Overview!U9,#REF!) -> #REF! | AR9: =SUMIF(#REF!,Overview!U9,#REF!) -> #REF! | AS9: =SUMIF(#REF!,Overview!U9,#REF!) -> #REF! | AT9: =AD9*$Z9*$G9 -> #REF! | AU9: =AE9*$Z9*$G9 -> #REF! | AV9: =AF9*$Z9*$G9 -> #REF! | AW9: =AG9*$Z9*$G9 -> #REF! | AX9: =AH9*$Z9*$G9 -> #REF! | AY9: =AI9*$Z9*$G9 -> #REF! | AZ9: =AJ9*$Z9*$G9 -> #REF! | BA9: =AK9*$Z9*$G9 -> #REF! | ... BI9: =AS9*$Z9*$G9 -> #REF! | BJ9: =AD9*$Z9*$H9 -> #REF! | BK9: =AE9*$Z9*$H9 -> #REF! | BL9: =AF9*$Z9*$H9 -> #REF! | BM9: =AG9*$Z9*$H9 -> #REF! | BN9: =AH9*$Z9*$H9 -> #REF! | BO9: =AI9*$Z9*$H9 -> #REF! | BP9: =AJ9*$Z9*$H9 -> #REF! | BQ9: =AK9*$Z9*$H9 -> #REF! | ... BY9: =AS9*$Z9*$H9 -> #REF! | BZ9: =AD9*$Z9*$I9 -> #REF! | CA9: =AE9*$Z9*$I9 -> #REF! | CB9: =AF9*$Z9*$I9 -> #REF! | CC9: =AG9*$Z9*$I9 -> #REF! | CD9: =AH9*$Z9*$I9 -> #REF! | CE9: =AI9*$Z9*$I9 -> #REF! | CF9: =AJ9*$Z9*$I9 -> #REF! | CG9: =AK9*$Z9*$I9 -> #REF! | ... CO9: =AS9*$Z9*$I9 -> #REF! | CP9: =SUMIF(#REF!,Overview!$U9,#REF!) -> #REF! | CQ9: =SUMIF(#REF!,Overview!$U9,#REF!) -> #REF! | CR9: =SUMIF(#REF!,Overview!$U9,#REF!) -> #REF! | CS9: =SUMIF(#REF!,Overview!$U9,#REF!) -> #REF! | CT9: =SUMIF(#REF!,Overview!$U9,#REF!) -> #REF! | CU9: =SUMIF(#REF!,Overview!$U9,#REF!) -> #REF! | CV9: =SUMIF(#REF!,Overview!$U9,#REF!) -> #REF! | CW9: =SUMIF(#REF!,Overview!$U9,#REF!) -> #REF! | ... DE9: =SUMIF(#REF!,Overview!$U9,#REF!) -> #REF!
A10: buildings_biofuel_boiler | B10: Biomass residential boiler | C10: 9.4861041 | D10: 4.2807529e-06 | E10: 5.3391328 | F10: 9.7710102 | G10: 32723.459 | H10: 0.017893374 | I10: 18237.126 | J10: 34849.916 | K10: ecoinvent 3.9.1 | L10: furnace production, wood chips, with silo, 50kW | M10: 333bd422fa2177e933445cd00b981505 | N10: CH | O10: 1.0 unit of 50kW | P10: energy_cap | Q10: buildings_biofuel_boiler_heat | R10: Lifetime of 17 years | S10: - | T10: - | U10: heat production, wood chips from industry, at furnace 50kW, Calliope | V10: af1be324a919b7f2a2c2b31b2e5064d8 | W10: CH | X10: CH | Y10: MJ | Z10: =3.6*1000000 -> 3600000 | AD10: =SUMIF(#REF!,Overview!U10,#REF!) -> #REF! | AE10: =SUMIF(#REF!,Overview!U10,#REF!) -> #REF! | AF10: =SUMIF(#REF!,Overview!U10,#REF!) -> #REF! | AG10: =SUMIF(#REF!,Overview!U10,#REF!) -> #REF! | AH10: =SUMIF(#REF!,Overview!U10,#REF!) -> #REF! | AI10: =SUMIF(#REF!,Overview!U10,#REF!) -> #REF! | AJ10: =SUMIF(#REF!,Overview!U10,#REF!) -> #REF! | AK10: =SUMIF(#REF!,Overview!U10,#REF!) -> #REF! | AL10: =SUMIF(#REF!,Overview!U10,#REF!) -> #REF! | AM10: =SUMIF(#REF!,Overview!U10,#REF!) -> #REF! | AN10: =SUMIF(#REF!,Overview!U10,#REF!) -> #REF! | AO10: =SUMIF(#REF!,Overview!U10,#REF!) -> #REF! | AP10: =SUMIF(#REF!,Overview!U10,#REF!) -> #REF! | AQ10: =SUMIF(#REF!,Overview!U10,#REF!) -> #REF! | AR10: =SUMIF(#REF!,Overview!U10,#REF!) -> #REF! | AS10: =SUMIF(#REF!,Overview!U10,#REF!) -> #REF! | AT10: =AD10*$Z10*$C10/17 -> #REF! | AU10: =AE10*$Z10*$C10/17 -> #REF! | AV10: =AF10*$Z10*$C10/17 -> #REF! | AW10: =AG10*$Z10*$C10/17 -> #REF! | AX10: =AH10*$Z10*$C10/17 -> #REF! | AY10: =AI10*$Z10*$C10/17 -> #REF! | AZ10: =AJ10*$Z10*$C10/17 -> #REF! | BA10: =AK10*$Z10*$C10/17 -> #REF! | ... BI10: =AS10*$Z10*$C10/17 -> #REF! | BJ10: =AD10*$Z10*$D10/17 -> #REF! | BK10: =AE10*$Z10*$D10/17 -> #REF! | BL10: =AF10*$Z10*$D10/17 -> #REF! | BM10: =AG10*$Z10*$D10/17 -> #REF! | BN10: =AH10*$Z10*$D10/17 -> #REF! | BO10: =AI10*$Z10*$D10/17 -> #REF! | BP10: =AJ10*$Z10*$D10/17 -> #REF! | BQ10: =AK10*$Z10*$D10/17 -> #REF! | ... BY10: =AS10*$Z10*$D10/17 -> #REF! | BZ10: =AD10*$Z10*$E10/17 -> #REF! | CA10: =AE10*$Z10*$E10/17 -> #REF! | CB10: =AF10*$Z10*$E10/17 -> #REF! | CC10: =AG10*$Z10*$E10/17 -> #REF! | CD10: =AH10*$Z10*$E10/17 -> #REF! | CE10: =AI10*$Z10*$E10/17 -> #REF! | CF10: =AJ10*$Z10*$E10/17 -> #REF! | CG10: =AK10*$Z10*$E10/17 -> #REF! | ... CO10: =AS10*$Z10*$E10/17 -> #REF! | CP10: =SUMIF(#REF!,Overview!$U10,#REF!) -> #REF! | CQ10: =SUMIF(#REF!,Overview!$U10,#REF!) -> #REF! | CR10: =SUMIF(#REF!,Overview!$U10,#REF!) -> #REF! | CS10: =SUMIF(#REF!,Overview!$U10,#REF!) -> #REF! | CT10: =SUMIF(#REF!,Overview!$U10,#REF!) -> #REF! | CU10: =SUMIF(#REF!,Overview!$U10,#REF!) -> #REF! | CV10: =SUMIF(#REF!,Overview!$U10,#REF!) -> #REF! | CW10: =SUMIF(#REF!,Overview!$U10,#REF!) -> #REF! | ... DE10: =SUMIF(#REF!,Overview!$U10,#REF!) -> #REF!
B11: Biofuel combustion | AK11: =SUMIF(#REF!,Overview!U11,#REF!) -> #REF! | AL11: =SUMIF(#REF!,Overview!U11,#REF!) -> #REF!
A12: buildings_methane_boiler | B12: Gas residential boiler | C12: 2.3131806e-05 | D12: 3.3979215e-06 | E12: 8.0582742e-06 | F12: 4.90071 | G12: 0.0082304001 | H12: 0.00033480392 | I12: 0.0038898561 | J12: 16232.878 | K12: ecoinvent 3.9.1 | L12: gas boiler production | M12: 932f861aecca8621f12e22e5f8ccb775 | N12: RER | O12: 1.0 unit of 10kW | P12: energy_cap | Q12: buildings_methane_boiler_heat | R12: lifetime of 20 years (ecoinvent) | S12: - | T12: - | U12: gas boiler production | V12: 932f861aecca8621f12e22e5f8ccb775 | W12: RER | X12: CH | Y12: unit of 10kW | Z12: 100000 | AD12: =SUMIF(#REF!,Overview!U12,#REF!) -> #REF! | AE12: =SUMIF(#REF!,Overview!U12,#REF!) -> #REF! | AF12: =SUMIF(#REF!,Overview!U12,#REF!) -> #REF! | AG12: =SUMIF(#REF!,Overview!U12,#REF!) -> #REF! | AH12: =SUMIF(#REF!,Overview!U12,#REF!) -> #REF! | AI12: =SUMIF(#REF!,Overview!U12,#REF!) -> #REF! | AJ12: =SUMIF(#REF!,Overview!U12,#REF!) -> #REF! | AK12: =SUMIF(#REF!,Overview!U12,#REF!) -> #REF! | AL12: =SUMIF(#REF!,Overview!U12,#REF!) -> #REF! | AM12: =SUMIF(#REF!,Overview!U12,#REF!) -> #REF! | AN12: =SUMIF(#REF!,Overview!U12,#REF!) -> #REF! | AO12: =SUMIF(#REF!,Overview!U12,#REF!) -> #REF! | AP12: =SUMIF(#REF!,Overview!U12,#REF!) -> #REF! | AQ12: =SUMIF(#REF!,Overview!U12,#REF!) -> #REF! | AR12: =SUMIF(#REF!,Overview!U12,#REF!) -> #REF! | AS12: =SUMIF(#REF!,Overview!U12,#REF!) -> #REF! | AT12: =AD12*$Z12*$C12/20 -> #REF! | AU12: =AE12*$Z12*$C12/20 -> #REF! | AV12: =AF12*$Z12*$C12/20 -> #REF! | AW12: =AG12*$Z12*$C12/20 -> #REF! | AX12: =AH12*$Z12*$C12/20 -> #REF! | AY12: =AI12*$Z12*$C12/20 -> #REF! | AZ12: =AJ12*$Z12*$C12/20 -> #REF! | BA12: =AK12*$Z12*$C12/20 -> #REF! | ... BI12: =AS12*$Z12*$C12/20 -> #REF! | BJ12: =AD12*$Z12*$D12/20 -> #REF! | BK12: =AE12*$Z12*$D12/20 -> #REF! | BL12: =AF12*$Z12*$D12/20 -> #REF! | BM12: =AG12*$Z12*$D12/20 -> #REF! | BN12: =AH12*$Z12*$D12/20 -> #REF! | BO12: =AI12*$Z12*$D12/20 -> #REF! | BP12: =AJ12*$Z12*$D12/20 -> #REF! | BQ12: =AK12*$Z12*$D12/20 -> #REF! | ... BY12: =AS12*$Z12*$D12/20 -> #REF! | BZ12: =AD12*$Z12*$E12/20 -> #REF! | CA12: =AE12*$Z12*$E12/20 -> #REF! | CB12: =AF12*$Z12*$E12/20 -> #REF! | CC12: =AG12*$Z12*$E12/20 -> #REF! | CD12: =AH12*$Z12*$E12/20 -> #REF! | CE12: =AI12*$Z12*$E12/20 -> #REF! | CF12: =AJ12*$Z12*$E12/20 -> #REF! | CG12: =AK12*$Z12*$E12/20 -> #REF! | ... CO12: =AS12*$Z12*$E12/20 -> #REF! | CP12: =SUMIF(#REF!,Overview!$U12,#REF!) -> #REF! | CQ12: =SUMIF(#REF!,Overview!$U12,#REF!) -> #REF! | CR12: =SUMIF(#REF!,Overview!$U12,#REF!) -> #REF! | CS12: =SUMIF(#REF!,Overview!$U12,#REF!) -> #REF! | CT12: =SUMIF(#REF!,Overview!$U12,#REF!) -> #REF! | CU12: =SUMIF(#REF!,Overview!$U12,#REF!) -> #REF! | CV12: =SUMIF(#REF!,Overview!$U12,#REF!) -> #REF! | CW12: =SUMIF(#REF!,Overview!$U12,#REF!) -> #REF! | ... DE12: =SUMIF(#REF!,Overview!$U12,#REF!) -> #REF!
A13: industry_methane_boiler | B13: Industrial gas boiler | C13: 0.64918927 | D13: 0.64917136 | E13: 0.64917704 | F13: 0.64921823 | G13: 5702.3029 | H13: 5702.2974 | I13: 5702.2973 | J13: 5702.3224 | K13: ecoinvent 3.9.1 | L13: gas boiler production | M13: 932f861aecca8621f12e22e5f8ccb775 | N13: RER | O13: 1.0 unit of 10kW | P13: energy_cap | Q13: industry_methane_boiler_heat | R13: lifetime of 20 years (ecoinvent) | S13: - | T13: - | U13: gas boiler production | V13: 932f861aecca8621f12e22e5f8ccb775 | W13: RER | X13: CH | Y13: unit of 10kW | Z13: 100000 | AD13: =SUMIF(#REF!,Overview!U13,#REF!) -> #REF! | AE13: =SUMIF(#REF!,Overview!U13,#REF!) -> #REF! | AF13: =SUMIF(#REF!,Overview!U13,#REF!) -> #REF! | AG13: =SUMIF(#REF!,Overview!U13,#REF!) -> #REF! | AH13: =SUMIF(#REF!,Overview!U13,#REF!) -> #REF! | AI13: =SUMIF(#REF!,Overview!U13,#REF!) -> #REF! | AJ13: =SUMIF(#REF!,Overview!U13,#REF!) -> #REF! | AK13: =SUMIF(#REF!,Overview!U13,#REF!) -> #REF! | AL13: =SUMIF(#REF!,Overview!U13,#REF!) -> #REF! | AM13: =SUMIF(#REF!,Overview!U13,#REF!) -> #REF! | AN13: =SUMIF(#REF!,Overview!U13,#REF!) -> #REF! | AO13: =SUMIF(#REF!,Overview!U13,#REF!) -> #REF! | AP13: =SUMIF(#REF!,Overview!U13,#REF!) -> #REF! | AQ13: =SUMIF(#REF!,Overview!U13,#REF!) -> #REF! | AR13: =SUMIF(#REF!,Overview!U13,#REF!) -> #REF! | AS13: =SUMIF(#REF!,Overview!U13,#REF!) -> #REF! | AT13: =AD13*$Z13*$C13/20 -> #REF! | AU13: =AE13*$Z13*$C13/20 -> #REF! | AV13: =AF13*$Z13*$C13/20 -> #REF! | AW13: =AG13*$Z13*$C13/20 -> #REF! | AX13: =AH13*$Z13*$C13/20 -> #REF! | AY13: =AI13*$Z13*$C13/20 -> #REF! | AZ13: =AJ13*$Z13*$C13/20 -> #REF! | BA13: =AK13*$Z13*$C13/20 -> #REF! | ... BI13: =AS13*$Z13*$C13/20 -> #REF! | CP13: =SUMIF(#REF!,Overview!$U13,#REF!) -> #REF! | CQ13: =SUMIF(#REF!,Overview!$U13,#REF!) -> #REF! | CR13: =SUMIF(#REF!,Overview!$U13,#REF!) -> #REF! | CS13: =SUMIF(#REF!,Overview!$U13,#REF!) -> #REF! | CT13: =SUMIF(#REF!,Overview!$U13,#REF!) -> #REF! | CU13: =SUMIF(#REF!,Overview!$U13,#REF!) -> #REF! | CV13: =SUMIF(#REF!,Overview!$U13,#REF!) -> #REF! | CW13: =SUMIF(#REF!,Overview!$U13,#REF!) -> #REF! | ... DE13: =SUMIF(#REF!,Overview!$U13,#REF!) -> #REF!
B14: Burning Nat Gas in Industry | S14: remove boiler / furnace production | U14: heat production, natural gas, at boiler condensing modulating >100kW, Calliope | V14: 2b3556f16b05459aa80d7288b2109c0d | W14: EUR | X14: CH | Y14: MJ | Z14: =3.6*1000000 -> 3600000 | AC14: MJ/GWh | AD14: =SUMIF(#REF!,Overview!U14,#REF!) -> #REF! | AE14: =SUMIF(#REF!,Overview!U14,#REF!) -> #REF! | AF14: =SUMIF(#REF!,Overview!U14,#REF!) -> #REF! | AG14: =SUMIF(#REF!,Overview!U14,#REF!) -> #REF! | AH14: =SUMIF(#REF!,Overview!U14,#REF!) -> #REF! | AI14: =SUMIF(#REF!,Overview!U14,#REF!) -> #REF! | AJ14: =SUMIF(#REF!,Overview!U14,#REF!) -> #REF! | AK14: =SUMIF(#REF!,Overview!U14,#REF!) -> #REF! | AL14: =SUMIF(#REF!,Overview!U14,#REF!) -> #REF! | AM14: =SUMIF(#REF!,Overview!U14,#REF!) -> #REF! | AN14: =SUMIF(#REF!,Overview!U14,#REF!) -> #REF! | AO14: =SUMIF(#REF!,Overview!U14,#REF!) -> #REF! | AP14: =SUMIF(#REF!,Overview!U14,#REF!) -> #REF! | AQ14: =SUMIF(#REF!,Overview!U14,#REF!) -> #REF! | AR14: =SUMIF(#REF!,Overview!U14,#REF!) -> #REF! | AS14: =SUMIF(#REF!,Overview!U14,#REF!) -> #REF! | CP14: =SUMIF(#REF!,Overview!$U14,#REF!) -> #REF! | CQ14: =SUMIF(#REF!,Overview!$U14,#REF!) -> #REF! | CR14: =SUMIF(#REF!,Overview!$U14,#REF!) -> #REF! | CS14: =SUMIF(#REF!,Overview!$U14,#REF!) -> #REF! | CT14: =SUMIF(#REF!,Overview!$U14,#REF!) -> #REF! | CU14: =SUMIF(#REF!,Overview!$U14,#REF!) -> #REF! | CV14: =SUMIF(#REF!,Overview!$U14,#REF!) -> #REF! | CW14: =SUMIF(#REF!,Overview!$U14,#REF!) -> #REF! | ... DE14: =SUMIF(#REF!,Overview!$U14,#REF!) -> #REF!
B15: Burning Nat Gas for Buildings | S15: remove gas boiler | U15: heat production, natural gas, at boiler atmospheric low-NOx non-modulating <100kW, Calliope | V15: e071921f48db45b68e12e39e03e49c1d | W15: EUR | X15: CH | Y15: MJ | Z15: =3.6*1000000 -> 3600000 | AC15: MJ/GWh | AD15: =SUMIF(#REF!,Overview!U15,#REF!) -> #REF! | AE15: =SUMIF(#REF!,Overview!U15,#REF!) -> #REF! | AF15: =SUMIF(#REF!,Overview!U15,#REF!) -> #REF! | AG15: =SUMIF(#REF!,Overview!U15,#REF!) -> #REF! | AH15: =SUMIF(#REF!,Overview!U15,#REF!) -> #REF! | AI15: =SUMIF(#REF!,Overview!U15,#REF!) -> #REF! | AJ15: =SUMIF(#REF!,Overview!U15,#REF!) -> #REF! | AK15: =SUMIF(#REF!,Overview!U15,#REF!) -> #REF! | AL15: =SUMIF(#REF!,Overview!U15,#REF!) -> #REF! | AM15: =SUMIF(#REF!,Overview!U15,#REF!) -> #REF! | AN15: =SUMIF(#REF!,Overview!U15,#REF!) -> #REF! | AO15: =SUMIF(#REF!,Overview!U15,#REF!) -> #REF! | AP15: =SUMIF(#REF!,Overview!U15,#REF!) -> #REF! | AQ15: =SUMIF(#REF!,Overview!U15,#REF!) -> #REF! | AR15: =SUMIF(#REF!,Overview!U15,#REF!) -> #REF! | AS15: =SUMIF(#REF!,Overview!U15,#REF!) -> #REF! | CP15: =SUMIF(#REF!,Overview!$U15,#REF!) -> #REF! | CQ15: =SUMIF(#REF!,Overview!$U15,#REF!) -> #REF! | CR15: =SUMIF(#REF!,Overview!$U15,#REF!) -> #REF! | CS15: =SUMIF(#REF!,Overview!$U15,#REF!) -> #REF! | CT15: =SUMIF(#REF!,Overview!$U15,#REF!) -> #REF! | CU15: =SUMIF(#REF!,Overview!$U15,#REF!) -> #REF! | CV15: =SUMIF(#REF!,Overview!$U15,#REF!) -> #REF! | CW15: =SUMIF(#REF!,Overview!$U15,#REF!) -> #REF! | ... DE15: =SUMIF(#REF!,Overview!$U15,#REF!) -> #REF!
A16: ccgt | B16: Methane CCGT Operation | C16: 0 | D16: 0 | E16: 1.3815019 | F16: 0 | G16: 0 | H16: 0.0017001724 | I16: 4279.3329 | J16: 0 | K16: ecoinvent 3.9.1 | L16: heat and power co-generation, natural gas, combined cycle power plant, 400MW electrical | M16: 43ec4f40c772bfa03350c522061b9ce4 | N16: DE | O16: 1.0 kilowatt hour | P16: carrier_prod | Q16: electricity | R16: 5000h of operation at full capacity per year (ecoinvent) lifetime of 25 years | S16: gas power plant construction, combined cycle, 400MW electrical (location : RER) | market for natural gas, high pressure (location : DE) Burning of methane instead nat. Gas --> lower fossil CO2 emissions | T16: Careful not to double count between production and construction of gas turbines. Using one or the other depends on the type of impact that you are looking at | U16: heat and power co-generation, natural gas, combined cycle power plant, 400MW electrical, Calliope1 | V16: 43ec4f40c772bfa03350c522061b9ce4 | W16: DE | X16: CH | Y16: kWh | Z16: 1000000 | AC16: kWh/GWh | AD16: =SUMIF(#REF!,Overview!U16,#REF!) -> #REF! | AE16: =SUMIF(#REF!,Overview!U16,#REF!) -> #REF! | AF16: =SUMIF(#REF!,Overview!U16,#REF!) -> #REF! | AG16: =SUMIF(#REF!,Overview!U16,#REF!) -> #REF! | AH16: =SUMIF(#REF!,Overview!U16,#REF!) -> #REF! | AI16: =SUMIF(#REF!,Overview!U16,#REF!) -> #REF! | AJ16: =SUMIF(#REF!,Overview!U16,#REF!) -> #REF! | AK16: =SUMIF(#REF!,Overview!U16,#REF!) -> #REF! | AL16: =SUMIF(#REF!,Overview!U16,#REF!) -> #REF! | AM16: =SUMIF(#REF!,Overview!U16,#REF!) -> #REF! | AN16: =SUMIF(#REF!,Overview!U16,#REF!) -> #REF! | AO16: =SUMIF(#REF!,Overview!U16,#REF!) -> #REF! | AP16: =SUMIF(#REF!,Overview!U16,#REF!) -> #REF! | AQ16: =SUMIF(#REF!,Overview!U16,#REF!) -> #REF! | AR16: =SUMIF(#REF!,Overview!U16,#REF!) -> #REF! | AS16: =SUMIF(#REF!,Overview!U16,#REF!) -> #REF! | AT16: =AD16*$Z16*$G16 -> #REF! | AU16: =AE16*$Z16*$G16 -> #REF! | AV16: =AF16*$Z16*$G16 -> #REF! | AW16: =AG16*$Z16*$G16 -> #REF! | AX16: =AH16*$Z16*$G16 -> #REF! | AY16: =AI16*$Z16*$G16 -> #REF! | AZ16: =AJ16*$Z16*$G16 -> #REF! | BA16: =AK16*$Z16*$G16 -> #REF! | ... BI16: =AS16*$Z16*$G16 -> #REF! | BJ16: =AD16*$Z16*$H16 -> #REF! | BK16: =AE16*$Z16*$H16 -> #REF! | BL16: =AF16*$Z16*$H16 -> #REF! | BM16: =AG16*$Z16*$H16 -> #REF! | BN16: =AH16*$Z16*$H16 -> #REF! | BO16: =AI16*$Z16*$H16 -> #REF! | BP16: =AJ16*$Z16*$H16 -> #REF! | BQ16: =AK16*$Z16*$H16 -> #REF! | ... BY16: =AS16*$Z16*$H16 -> #REF! | BZ16: =AD16*$Z16*$I16 -> #REF! | CA16: =AE16*$Z16*$I16 -> #REF! | CB16: =AF16*$Z16*$I16 -> #REF! | CC16: =AG16*$Z16*$I16 -> #REF! | CD16: =AH16*$Z16*$I16 -> #REF! | CE16: =AI16*$Z16*$I16 -> #REF! | CF16: =AJ16*$Z16*$I16 -> #REF! | CG16: =AK16*$Z16*$I16 -> #REF! | ... CO16: =AS16*$Z16*$I16 -> #REF! | CP16: =SUMIF(#REF!,Overview!$U16,#REF!) -> #REF! | CQ16: =SUMIF(#REF!,Overview!$U16,#REF!) -> #REF! | CR16: =SUMIF(#REF!,Overview!$U16,#REF!) -> #REF! | CS16: =SUMIF(#REF!,Overview!$U16,#REF!) -> #REF! | CT16: =SUMIF(#REF!,Overview!$U16,#REF!) -> #REF! | CU16: =SUMIF(#REF!,Overview!$U16,#REF!) -> #REF! | CV16: =SUMIF(#REF!,Overview!$U16,#REF!) -> #REF! | CW16: =SUMIF(#REF!,Overview!$U16,#REF!) -> #REF! | ... DE16: =SUMIF(#REF!,Overview!$U16,#REF!) -> #REF!
A17: ccgt | B17: Methane CCGT Construction | C17: 0 | D17: 0 | E17: 1.3815019 | F17: 0 | G17: 0 | H17: 0.0017001724 | I17: 4279.3329 | J17: 0 | K17: ecoinvent 3.9.1 | L17: gas power plant construction, combined cycle, 400MW electrical | M17: 249432931c0e8af8329de379cfb9c192 | N17: RER | O17: 1.0 unit of 400MW electrical | P17: energy_cap | Q17: electricity | R17: lifetime of 25 years | S17: - | U17: gas power plant construction, combined cycle, 400MW electrical | V17: 249432931c0e8af8329de379cfb9c192 | W17: RER | X17: CH | Y17: unit of 400MW | Z17: =1000/400 -> 2.5 | AD17: =SUMIF(#REF!,Overview!U17,#REF!) -> #REF! | AE17: =SUMIF(#REF!,Overview!U17,#REF!) -> #REF! | AF17: =SUMIF(#REF!,Overview!U17,#REF!) -> #REF! | AG17: =SUMIF(#REF!,Overview!U17,#REF!) -> #REF! | AH17: =SUMIF(#REF!,Overview!U17,#REF!) -> #REF! | AI17: =SUMIF(#REF!,Overview!U17,#REF!) -> #REF! | AJ17: =SUMIF(#REF!,Overview!U17,#REF!) -> #REF! | AK17: =SUMIF(#REF!,Overview!U17,#REF!) -> #REF! | AL17: =SUMIF(#REF!,Overview!U17,#REF!) -> #REF! | AM17: =SUMIF(#REF!,Overview!U17,#REF!) -> #REF! | AN17: =SUMIF(#REF!,Overview!U17,#REF!) -> #REF! | AO17: =SUMIF(#REF!,Overview!U17,#REF!) -> #REF! | AP17: =SUMIF(#REF!,Overview!U17,#REF!) -> #REF! | AQ17: =SUMIF(#REF!,Overview!U17,#REF!) -> #REF! | AR17: =SUMIF(#REF!,Overview!U17,#REF!) -> #REF! | AS17: =SUMIF(#REF!,Overview!U17,#REF!) -> #REF! | AT17: =AD17*$Z17*$C17/25 -> #REF! | AU17: =AE17*$Z17*$C17/25 -> #REF! | AV17: =AF17*$Z17*$C17/25 -> #REF! | AW17: =AG17*$Z17*$C17/25 -> #REF! | AX17: =AH17*$Z17*$C17/25 -> #REF! | AY17: =AI17*$Z17*$C17/25 -> #REF! | AZ17: =AJ17*$Z17*$C17/25 -> #REF! | BA17: =AK17*$Z17*$C17/25 -> #REF! | ... BI17: =AS17*$Z17*$C17/25 -> #REF! | BJ17: =AD17*$Z17*$D17/25 -> #REF! | BK17: =AE17*$Z17*$D17/25 -> #REF! | BL17: =AF17*$Z17*$D17/25 -> #REF! | BM17: =AG17*$Z17*$D17/25 -> #REF! | BN17: =AH17*$Z17*$D17/25 -> #REF! | BO17: =AI17*$Z17*$D17/25 -> #REF! | BP17: =AJ17*$Z17*$D17/25 -> #REF! | BQ17: =AK17*$Z17*$D17/25 -> #REF! | ... BY17: =AS17*$Z17*$D17/25 -> #REF! | BZ17: =AD17*$Z17*$E17/25 -> #REF! | CA17: =AE17*$Z17*$E17/25 -> #REF! | CB17: =AF17*$Z17*$E17/25 -> #REF! | CC17: =AG17*$Z17*$E17/25 -> #REF! | CD17: =AH17*$Z17*$E17/25 -> #REF! | CE17: =AI17*$Z17*$E17/25 -> #REF! | CF17: =AJ17*$Z17*$E17/25 -> #REF! | CG17: =AK17*$Z17*$E17/25 -> #REF! | ... CO17: =AS17*$Z17*$E17/25 -> #REF! | CP17: =SUMIF(#REF!,Overview!$U17,#REF!) -> #REF! | CQ17: =SUMIF(#REF!,Overview!$U17,#REF!) -> #REF! | CR17: =SUMIF(#REF!,Overview!$U17,#REF!) -> #REF! | CS17: =SUMIF(#REF!,Overview!$U17,#REF!) -> #REF! | CT17: =SUMIF(#REF!,Overview!$U17,#REF!) -> #REF! | CU17: =SUMIF(#REF!,Overview!$U17,#REF!) -> #REF! | CV17: =SUMIF(#REF!,Overview!$U17,#REF!) -> #REF! | CW17: =SUMIF(#REF!,Overview!$U17,#REF!) -> #REF! | ... DE17: =SUMIF(#REF!,Overview!$U17,#REF!) -> #REF!
A18: ccgt_natgas | B18: Natural Gas CCGT Operation | D18: 3.3998487 | H18: 12650.865 | K18: ecoinvent 3.9.1 | L18: heat and power co-generation, natural gas, combined cycle power plant, 400MW electrical | M18: 43ec4f40c772bfa03350c522061b9ce4 | N18: DE | O18: 1.0 kilowatt hour | P18: carrier_prod | Q18: electricity | R18: 5000h of operation at full capacity per year (ecoinvent) lifetime of 25 years | S18: gas power plant construction, combined cycle, 400MW electrical (location : RER) | market for natural gas, high pressure (location : DE) | U18: heat and power co-generation, natural gas, combined cycle power plant, 400MW electrical, Calliope2 | V18: 43ec4f40c772bfa03350c522061b9ce4 | W18: DE | X18: CH | Y18: kWh | Z18: 1000000 | AC18: kWh/GWh | AD18: =SUMIF(#REF!,Overview!U18,#REF!) -> #REF! | AE18: =SUMIF(#REF!,Overview!U18,#REF!) -> #REF! | AF18: =SUMIF(#REF!,Overview!U18,#REF!) -> #REF! | AG18: =SUMIF(#REF!,Overview!U18,#REF!) -> #REF! | AH18: =SUMIF(#REF!,Overview!U18,#REF!) -> #REF! | AI18: =SUMIF(#REF!,Overview!U18,#REF!) -> #REF! | AJ18: =SUMIF(#REF!,Overview!U18,#REF!) -> #REF! | AK18: =SUMIF(#REF!,Overview!U18,#REF!) -> #REF! | AL18: =SUMIF(#REF!,Overview!U18,#REF!) -> #REF! | AM18: =SUMIF(#REF!,Overview!U18,#REF!) -> #REF! | AN18: =SUMIF(#REF!,Overview!U18,#REF!) -> #REF! | AO18: =SUMIF(#REF!,Overview!U18,#REF!) -> #REF! | AP18: =SUMIF(#REF!,Overview!U18,#REF!) -> #REF! | AQ18: =SUMIF(#REF!,Overview!U18,#REF!) -> #REF! | AR18: =SUMIF(#REF!,Overview!U18,#REF!) -> #REF! | AS18: =SUMIF(#REF!,Overview!U18,#REF!) -> #REF! | AT18: =AD18*$Z18*$G18 -> #REF! | AU18: =AE18*$Z18*$G18 -> #REF! | AV18: =AF18*$Z18*$G18 -> #REF! | AW18: =AG18*$Z18*$G18 -> #REF! | AX18: =AH18*$Z18*$G18 -> #REF! | AY18: =AI18*$Z18*$G18 -> #REF! | AZ18: =AJ18*$Z18*$G18 -> #REF! | BA18: =AK18*$Z18*$G18 -> #REF! | ... BI18: =AS18*$Z18*$G18 -> #REF! | BJ18: =AD18*$Z18*$H18 -> #REF! | BK18: =AE18*$Z18*$H18 -> #REF! | BL18: =AF18*$Z18*$H18 -> #REF! | BM18: =AG18*$Z18*$H18 -> #REF! | BN18: =AH18*$Z18*$H18 -> #REF! | BO18: =AI18*$Z18*$H18 -> #REF! | BP18: =AJ18*$Z18*$H18 -> #REF! | BQ18: =AK18*$Z18*$H18 -> #REF! | ... BY18: =AS18*$Z18*$H18 -> #REF! | BZ18: =AD18*$Z18*$I18 -> #REF! | CA18: =AE18*$Z18*$I18 -> #REF! | CB18: =AF18*$Z18*$I18 -> #REF! | CC18: =AG18*$Z18*$I18 -> #REF! | CD18: =AH18*$Z18*$I18 -> #REF! | CE18: =AI18*$Z18*$I18 -> #REF! | CF18: =AJ18*$Z18*$I18 -> #REF! | CG18: =AK18*$Z18*$I18 -> #REF! | ... CO18: =AS18*$Z18*$I18 -> #REF! | CP18: =SUMIF(#REF!,Overview!$U18,#REF!) -> #REF! | CQ18: =SUMIF(#REF!,Overview!$U18,#REF!) -> #REF! | CR18: =SUMIF(#REF!,Overview!$U18,#REF!) -> #REF! | CS18: =SUMIF(#REF!,Overview!$U18,#REF!) -> #REF! | CT18: =SUMIF(#REF!,Overview!$U18,#REF!) -> #REF! | CU18: =SUMIF(#REF!,Overview!$U18,#REF!) -> #REF! | CV18: =SUMIF(#REF!,Overview!$U18,#REF!) -> #REF! | CW18: =SUMIF(#REF!,Overview!$U18,#REF!) -> #REF! | ... DE18: =SUMIF(#REF!,Overview!$U18,#REF!) -> #REF!
A19: ccgt_natgas | B19: Natural Gas CCGT Construction | D19: 3.3998487 | H19: 12650.865 | K19: ecoinvent 3.9.1 | L19: gas power plant construction, combined cycle, 400MW electrical | M19: 249432931c0e8af8329de379cfb9c192 | N19: RER | O19: 1.0 unit of 400MW electrical | P19: energy_cap | Q19: electricity | R19: lifetime of 25 years | S19: - | U19: gas power plant construction, combined cycle, 400MW electrical | V19: 249432931c0e8af8329de379cfb9c192 | W19: RER | X19: CH | Y19: unit of 400MW | Z19: =1000/400 -> 2.5 | AD19: =SUMIF(#REF!,Overview!U19,#REF!) -> #REF! | AE19: =SUMIF(#REF!,Overview!U19,#REF!) -> #REF! | AF19: =SUMIF(#REF!,Overview!U19,#REF!) -> #REF! | AG19: =SUMIF(#REF!,Overview!U19,#REF!) -> #REF! | AH19: =SUMIF(#REF!,Overview!U19,#REF!) -> #REF! | AI19: =SUMIF(#REF!,Overview!U19,#REF!) -> #REF! | AJ19: =SUMIF(#REF!,Overview!U19,#REF!) -> #REF! | AK19: =SUMIF(#REF!,Overview!U19,#REF!) -> #REF! | AL19: =SUMIF(#REF!,Overview!U19,#REF!) -> #REF! | AM19: =SUMIF(#REF!,Overview!U19,#REF!) -> #REF! | AN19: =SUMIF(#REF!,Overview!U19,#REF!) -> #REF! | AO19: =SUMIF(#REF!,Overview!U19,#REF!) -> #REF! | AP19: =SUMIF(#REF!,Overview!U19,#REF!) -> #REF! | AQ19: =SUMIF(#REF!,Overview!U19,#REF!) -> #REF! | AR19: =SUMIF(#REF!,Overview!U19,#REF!) -> #REF! | AS19: =SUMIF(#REF!,Overview!U19,#REF!) -> #REF! | AT19: =AD19*$Z19*$C19/25 -> #REF! | AU19: =AE19*$Z19*$C19/25 -> #REF! | AV19: =AF19*$Z19*$C19/25 -> #REF! | AW19: =AG19*$Z19*$C19/25 -> #REF! | AX19: =AH19*$Z19*$C19/25 -> #REF! | AY19: =AI19*$Z19*$C19/25 -> #REF! | AZ19: =AJ19*$Z19*$C19/25 -> #REF! | BA19: =AK19*$Z19*$C19/25 -> #REF! | ... BI19: =AS19*$Z19*$C19/25 -> #REF! | BJ19: =AD19*$Z19*$D19/25 -> #REF! | BK19: =AE19*$Z19*$D19/25 -> #REF! | BL19: =AF19*$Z19*$D19/25 -> #REF! | BM19: =AG19*$Z19*$D19/25 -> #REF! | BN19: =AH19*$Z19*$D19/25 -> #REF! | BO19: =AI19*$Z19*$D19/25 -> #REF! | BP19: =AJ19*$Z19*$D19/25 -> #REF! | BQ19: =AK19*$Z19*$D19/25 -> #REF! | ... BY19: =AS19*$Z19*$D19/25 -> #REF! | BZ19: =AD19*$Z19*$E19/25 -> #REF! | CA19: =AE19*$Z19*$E19/25 -> #REF! | CB19: =AF19*$Z19*$E19/25 -> #REF! | CC19: =AG19*$Z19*$E19/25 -> #REF! | CD19: =AH19*$Z19*$E19/25 -> #REF! | CE19: =AI19*$Z19*$E19/25 -> #REF! | CF19: =AJ19*$Z19*$E19/25 -> #REF! | CG19: =AK19*$Z19*$E19/25 -> #REF! | ... CO19: =AS19*$Z19*$E19/25 -> #REF! | CP19: =SUMIF(#REF!,Overview!$U19,#REF!) -> #REF! | CQ19: =SUMIF(#REF!,Overview!$U19,#REF!) -> #REF! | CR19: =SUMIF(#REF!,Overview!$U19,#REF!) -> #REF! | CS19: =SUMIF(#REF!,Overview!$U19,#REF!) -> #REF! | CT19: =SUMIF(#REF!,Overview!$U19,#REF!) -> #REF! | CU19: =SUMIF(#REF!,Overview!$U19,#REF!) -> #REF! | CV19: =SUMIF(#REF!,Overview!$U19,#REF!) -> #REF! | CW19: =SUMIF(#REF!,Overview!$U19,#REF!) -> #REF! | ... DE19: =SUMIF(#REF!,Overview!$U19,#REF!) -> #REF!
A20: chp_biofuel | B20: Biomass CHP | C20: 4.1362672e-06 | D20: 0 | E20: 0.002974905 | F20: 8.4539284e-06 | G20: 0.007589742 | H20: 0.0048097689 | I20: 26.123956 | J20: 0.0083189167 | K20: ecoinvent 3.9.1 | L20: heat and power co-generation unit construction, organic Rankine cycle, 200kW electrical | M20: ace643181d83fb151fc1f647dce7a328 | N20: GLO | O20: 1.0 unit of 200kW electrical | P20: energy_cap | Q20: electricity | R20: lifetime of 25 years | S20: - | T20: - | U20: heat and power co-generation, wood chips, 2000 kW, Calliope | V20: 39b64dccc9feaf12db32b24a4dd4fc2a | W20: CH | X20: CH | Y20: kWh | Z20: 1000000 | AD20: =SUMIF(#REF!,Overview!U20,#REF!) -> #REF! | AE20: =SUMIF(#REF!,Overview!U20,#REF!) -> #REF! | AF20: =SUMIF(#REF!,Overview!U20,#REF!) -> #REF! | AG20: =SUMIF(#REF!,Overview!U20,#REF!) -> #REF! | AH20: =SUMIF(#REF!,Overview!U20,#REF!) -> #REF! | AI20: =SUMIF(#REF!,Overview!U20,#REF!) -> #REF! | AJ20: =SUMIF(#REF!,Overview!U20,#REF!) -> #REF! | AK20: =SUMIF(#REF!,Overview!U20,#REF!) -> #REF! | AL20: =SUMIF(#REF!,Overview!U20,#REF!) -> #REF! | AM20: =SUMIF(#REF!,Overview!U20,#REF!) -> #REF! | AN20: =SUMIF(#REF!,Overview!U20,#REF!) -> #REF! | AO20: =SUMIF(#REF!,Overview!U20,#REF!) -> #REF! | AP20: =SUMIF(#REF!,Overview!U20,#REF!) -> #REF! | AQ20: =SUMIF(#REF!,Overview!U20,#REF!) -> #REF! | AR20: =SUMIF(#REF!,Overview!U20,#REF!) -> #REF! | AS20: =SUMIF(#REF!,Overview!U20,#REF!) -> #REF! | AT20: =AD20*$Z20*$C20/25 -> #REF! | AU20: =AE20*$Z20*$C20/25 -> #REF! | AV20: =AF20*$Z20*$C20/25 -> #REF! | AW20: =AG20*$Z20*$C20/25 -> #REF! | AX20: =AH20*$Z20*$C20/25 -> #REF! | AY20: =AI20*$Z20*$C20/25 -> #REF! | AZ20: =AJ20*$Z20*$C20/25 -> #REF! | BA20: =AK20*$Z20*$C20/25 -> #REF! | ... BI20: =AS20*$Z20*$C20/25 -> #REF! | BJ20: =AD20*$Z20*$D20/25 -> #REF! | BK20: =AE20*$Z20*$D20/25 -> #REF! | BL20: =AF20*$Z20*$D20/25 -> #REF! | BM20: =AG20*$Z20*$D20/25 -> #REF! | BN20: =AH20*$Z20*$D20/25 -> #REF! | BO20: =AI20*$Z20*$D20/25 -> #REF! | BP20: =AJ20*$Z20*$D20/25 -> #REF! | BQ20: =AK20*$Z20*$D20/25 -> #REF! | ... BY20: =AS20*$Z20*$D20/25 -> #REF! | BZ20: =AD20*$Z20*$E20/25 -> #REF! | CA20: =AE20*$Z20*$E20/25 -> #REF! | CB20: =AF20*$Z20*$E20/25 -> #REF! | CC20: =AG20*$Z20*$E20/25 -> #REF! | CD20: =AH20*$Z20*$E20/25 -> #REF! | CE20: =AI20*$Z20*$E20/25 -> #REF! | CF20: =AJ20*$Z20*$E20/25 -> #REF! | CG20: =AK20*$Z20*$E20/25 -> #REF! | ... CO20: =AS20*$Z20*$E20/25 -> #REF! | CP20: =SUMIF(#REF!,Overview!$U20,#REF!) -> #REF! | CQ20: =SUMIF(#REF!,Overview!$U20,#REF!) -> #REF! | CR20: =SUMIF(#REF!,Overview!$U20,#REF!) -> #REF! | CS20: =SUMIF(#REF!,Overview!$U20,#REF!) -> #REF! | CT20: =SUMIF(#REF!,Overview!$U20,#REF!) -> #REF! | CU20: =SUMIF(#REF!,Overview!$U20,#REF!) -> #REF! | CV20: =SUMIF(#REF!,Overview!$U20,#REF!) -> #REF! | CW20: =SUMIF(#REF!,Overview!$U20,#REF!) -> #REF! | ... DE20: =SUMIF(#REF!,Overview!$U20,#REF!) -> #REF!
A21: chp_methane | B21: Methane CHP | C21: 0.67944059 | D21: 0 | E21: 3.0506444e-06 | F21: 0.67903385 | G21: 2451.8031 | H21: 0.0020376544 | I21: 0.01612777 | J21: 2451.82 | K21: ecoinvent 3.9.1 | L21: biomethane, low pressure burned in micro gas turbine 100kWe | M21: 0f552d818f2779a396c7a5f701baba3a | N21: CH | O21: 1.0 kilowatt hour | P21: carrier_prod | Q21: electricity | R21: lifetime of 20 years | S21: market for biomethane, low pressure (location : CH) | T21: - | U21: biomethane, low pressure burned in micro gas turbine 100kWe, Calliope | V21: 0f552d818f2779a396c7a5f701baba3a | W21: CH | X21: CH | Y21: kWh | Z21: 1000000 | AC21: kWh/GWh | AD21: =SUMIF(#REF!,Overview!U21,#REF!) -> #REF! | AE21: =SUMIF(#REF!,Overview!U21,#REF!) -> #REF! | AF21: =SUMIF(#REF!,Overview!U21,#REF!) -> #REF! | AG21: =SUMIF(#REF!,Overview!U21,#REF!) -> #REF! | AH21: =SUMIF(#REF!,Overview!U21,#REF!) -> #REF! | AI21: =SUMIF(#REF!,Overview!U21,#REF!) -> #REF! | AJ21: =SUMIF(#REF!,Overview!U21,#REF!) -> #REF! | AK21: =SUMIF(#REF!,Overview!U21,#REF!) -> #REF! | AL21: =SUMIF(#REF!,Overview!U21,#REF!) -> #REF! | AM21: =SUMIF(#REF!,Overview!U21,#REF!) -> #REF! | AN21: =SUMIF(#REF!,Overview!U21,#REF!) -> #REF! | AO21: =SUMIF(#REF!,Overview!U21,#REF!) -> #REF! | AP21: =SUMIF(#REF!,Overview!U21,#REF!) -> #REF! | AQ21: =SUMIF(#REF!,Overview!U21,#REF!) -> #REF! | AR21: =SUMIF(#REF!,Overview!U21,#REF!) -> #REF! | AS21: =SUMIF(#REF!,Overview!U21,#REF!) -> #REF! | AT21: =AD21*$Z21*$G21 -> #REF! | AU21: =AE21*$Z21*$G21 -> #REF! | AV21: =AF21*$Z21*$G21 -> #REF! | AW21: =AG21*$Z21*$G21 -> #REF! | AX21: =AH21*$Z21*$G21 -> #REF! | AY21: =AI21*$Z21*$G21 -> #REF! | AZ21: =AJ21*$Z21*$G21 -> #REF! | BA21: =AK21*$Z21*$G21 -> #REF! | ... BI21: =AS21*$Z21*$G21 -> #REF! | BJ21: =AD21*$Z21*$H21 -> #REF! | BK21: =AE21*$Z21*$H21 -> #REF! | BL21: =AF21*$Z21*$H21 -> #REF! | BM21: =AG21*$Z21*$H21 -> #REF! | BN21: =AH21*$Z21*$H21 -> #REF! | BO21: =AI21*$Z21*$H21 -> #REF! | BP21: =AJ21*$Z21*$H21 -> #REF! | BQ21: =AK21*$Z21*$H21 -> #REF! | ... BY21: =AS21*$Z21*$H21 -> #REF! | BZ21: =AD21*$Z21*$I21 -> #REF! | CA21: =AE21*$Z21*$I21 -> #REF! | CB21: =AF21*$Z21*$I21 -> #REF! | CC21: =AG21*$Z21*$I21 -> #REF! | CD21: =AH21*$Z21*$I21 -> #REF! | CE21: =AI21*$Z21*$I21 -> #REF! | CF21: =AJ21*$Z21*$I21 -> #REF! | CG21: =AK21*$Z21*$I21 -> #REF! | ... CO21: =AS21*$Z21*$I21 -> #REF! | CP21: =SUMIF(#REF!,Overview!$U21,#REF!) -> #REF! | CQ21: =SUMIF(#REF!,Overview!$U21,#REF!) -> #REF! | CR21: =SUMIF(#REF!,Overview!$U21,#REF!) -> #REF! | CS21: =SUMIF(#REF!,Overview!$U21,#REF!) -> #REF! | CT21: =SUMIF(#REF!,Overview!$U21,#REF!) -> #REF! | CU21: =SUMIF(#REF!,Overview!$U21,#REF!) -> #REF! | CV21: =SUMIF(#REF!,Overview!$U21,#REF!) -> #REF! | CW21: =SUMIF(#REF!,Overview!$U21,#REF!) -> #REF! | ... DE21: =SUMIF(#REF!,Overview!$U21,#REF!) -> #REF!
A22: chp_waste | B22: Waste CHP | C22: 0.30622229 | D22: 0.30612522 | E22: 0.30612532 | F22: 0.30622268 | G22: 2688.9987 | H22: 2689.0001 | I22: 2689.0004 | J22: 2688.993 | K22: ecoinvent 3.9.1 | L22: heat and power co-generation unit construction, organic Rankine cycle, 200kW electrical | M22: ace643181d83fb151fc1f647dce7a328 | N22: GLO | O22: 1.0 unit of 200kW electrical | P22: energy_cap | Q22: electricity | R22: lifetime of 25 years | S22: - | T22: - | U22: heat and power co-generation unit construction, organic Rankine cycle, 200kW electrical | V22: ace643181d83fb151fc1f647dce7a328 | W22: GLO | X22: CH | Y22: unit of 200kW | Z22: =1000000/200 -> 5000 | AD22: =SUMIF(#REF!,Overview!U22,#REF!) -> #REF! | AE22: =SUMIF(#REF!,Overview!U22,#REF!) -> #REF! | AF22: =SUMIF(#REF!,Overview!U22,#REF!) -> #REF! | AG22: =SUMIF(#REF!,Overview!U22,#REF!) -> #REF! | AH22: =SUMIF(#REF!,Overview!U22,#REF!) -> #REF! | AI22: =SUMIF(#REF!,Overview!U22,#REF!) -> #REF! | AJ22: =SUMIF(#REF!,Overview!U22,#REF!) -> #REF! | AK22: =SUMIF(#REF!,Overview!U22,#REF!) -> #REF! | AL22: =SUMIF(#REF!,Overview!U22,#REF!) -> #REF! | AM22: =SUMIF(#REF!,Overview!U22,#REF!) -> #REF! | AN22: =SUMIF(#REF!,Overview!U22,#REF!) -> #REF! | AO22: =SUMIF(#REF!,Overview!U22,#REF!) -> #REF! | AP22: =SUMIF(#REF!,Overview!U22,#REF!) -> #REF! | AQ22: =SUMIF(#REF!,Overview!U22,#REF!) -> #REF! | AR22: =SUMIF(#REF!,Overview!U22,#REF!) -> #REF! | AS22: =SUMIF(#REF!,Overview!U22,#REF!) -> #REF! | AT22: =AD22*$Z22*$C22/25 -> #REF! | AU22: =AE22*$Z22*$C22/25 -> #REF! | AV22: =AF22*$Z22*$C22/25 -> #REF! | AW22: =AG22*$Z22*$C22/25 -> #REF! | AX22: =AH22*$Z22*$C22/25 -> #REF! | AY22: =AI22*$Z22*$C22/25 -> #REF! | AZ22: =AJ22*$Z22*$C22/25 -> #REF! | BA22: =AK22*$Z22*$C22/25 -> #REF! | ... BI22: =AS22*$Z22*$C22/25 -> #REF! | BJ22: =AD22*$Z22*$D22/25 -> #REF! | BK22: =AE22*$Z22*$D22/25 -> #REF! | BL22: =AF22*$Z22*$D22/25 -> #REF! | BM22: =AG22*$Z22*$D22/25 -> #REF! | BN22: =AH22*$Z22*$D22/25 -> #REF! | BO22: =AI22*$Z22*$D22/25 -> #REF! | BP22: =AJ22*$Z22*$D22/25 -> #REF! | BQ22: =AK22*$Z22*$D22/25 -> #REF! | ... BY22: =AS22*$Z22*$D22/25 -> #REF! | BZ22: =AD22*$Z22*$E22/25 -> #REF! | CA22: =AE22*$Z22*$E22/25 -> #REF! | CB22: =AF22*$Z22*$E22/25 -> #REF! | CC22: =AG22*$Z22*$E22/25 -> #REF! | CD22: =AH22*$Z22*$E22/25 -> #REF! | CE22: =AI22*$Z22*$E22/25 -> #REF! | CF22: =AJ22*$Z22*$E22/25 -> #REF! | CG22: =AK22*$Z22*$E22/25 -> #REF! | ... CO22: =AS22*$Z22*$E22/25 -> #REF! | CP22: =SUMIF(#REF!,Overview!$U22,#REF!) -> #REF! | CQ22: =SUMIF(#REF!,Overview!$U22,#REF!) -> #REF! | CR22: =SUMIF(#REF!,Overview!$U22,#REF!) -> #REF! | CS22: =SUMIF(#REF!,Overview!$U22,#REF!) -> #REF! | CT22: =SUMIF(#REF!,Overview!$U22,#REF!) -> #REF! | CU22: =SUMIF(#REF!,Overview!$U22,#REF!) -> #REF! | CV22: =SUMIF(#REF!,Overview!$U22,#REF!) -> #REF! | CW22: =SUMIF(#REF!,Overview!$U22,#REF!) -> #REF! | ... DE22: =SUMIF(#REF!,Overview!$U22,#REF!) -> #REF!
A23: dac | B23: DAC | C23: 16.703494 | D23: 162.97089 | E23: 16.702206 | F23: 291.56791 | G23: 73357.327 | H23: 680567.03 | I23: 71476.792 | J23: 2425150.7 | K23: Custom using ecoinvent 3.9.1 & simapro | L23: - | M23: - | N23: - | O23: 1 kg of CO2 captured | P23: carrier_prod | Q23: co2 | R23: lifetime of 20 years (ecoinvent) | S23: - | T23: This was not available in ecoinvent but is likely in Premise | U23: carbon dioxide, captured from atmosphere, with a solvent-based direct air capture system, 1MtCO2 | V23: b29c395ccd1246c0abbc98c28e8d119c | W23: RER | X23: CH | Y23: kg | AB23: 1000 | AD23: =SUMIF(#REF!,Overview!U23,#REF!)-1 -> #REF! | AE23: =SUMIF(#REF!,Overview!U23,#REF!) -> #REF! | AF23: =SUMIF(#REF!,Overview!U23,#REF!) -> #REF! | AG23: =SUMIF(#REF!,Overview!U23,#REF!) -> #REF! | AH23: =SUMIF(#REF!,Overview!U23,#REF!) -> #REF! | AI23: =SUMIF(#REF!,Overview!U23,#REF!) -> #REF! | AJ23: =SUMIF(#REF!,Overview!U23,#REF!) -> #REF! | AK23: =SUMIF(#REF!,Overview!U23,#REF!) -> #REF! | AL23: =SUMIF(#REF!,Overview!U23,#REF!) -> #REF! | AM23: =SUMIF(#REF!,Overview!U23,#REF!) -> #REF! | AN23: =SUMIF(#REF!,Overview!U23,#REF!) -> #REF! | AO23: =SUMIF(#REF!,Overview!U23,#REF!) -> #REF! | AP23: =SUMIF(#REF!,Overview!U23,#REF!) -> #REF! | AQ23: =SUMIF(#REF!,Overview!U23,#REF!) -> #REF! | AR23: =SUMIF(#REF!,Overview!U23,#REF!) -> #REF! | AS23: =SUMIF(#REF!,Overview!U23,#REF!) -> #REF! | AT23: =AD23*$AB23*$G23 -> #REF! | AU23: =AE23*$AB23*$G23 -> #REF! | AV23: =AF23*$AB23*$G23 -> #REF! | AW23: =AG23*$AB23*$G23 -> #REF! | AX23: =AH23*$AB23*$G23 -> #REF! | AY23: =AI23*$AB23*$G23 -> #REF! | AZ23: =AJ23*$AB23*$G23 -> #REF! | BA23: =AK23*$AB23*$G23 -> #REF! | ... BI23: =AS23*$AB23*$G23 -> #REF! | BJ23: =AD23*$AB23*$H23 -> #REF! | BK23: =AE23*$AB23*$H23 -> #REF! | BL23: =AF23*$AB23*$H23 -> #REF! | BM23: =AG23*$AB23*$H23 -> #REF! | BN23: =AH23*$AB23*$H23 -> #REF! | BO23: =AI23*$AB23*$H23 -> #REF! | BP23: =AJ23*$AB23*$H23 -> #REF! | BQ23: =AK23*$AB23*$H23 -> #REF! | ... BY23: =AS23*$AB23*$H23 -> #REF! | BZ23: =AD23*$AB23*$I23 -> #REF! | CA23: =AE23*$AB23*$I23 -> #REF! | CB23: =AF23*$AB23*$I23 -> #REF! | CC23: =AG23*$AB23*$I23 -> #REF! | CD23: =AH23*$AB23*$I23 -> #REF! | CE23: =AI23*$AB23*$I23 -> #REF! | CF23: =AJ23*$AB23*$I23 -> #REF! | CG23: =AK23*$AB23*$I23 -> #REF! | ... CO23: =AS23*$AB23*$I23 -> #REF! | CP23: =(SUMIF(#REF!,Overview!$U23,#REF!))-1 -> #REF! | CQ23: =SUMIF(#REF!,Overview!$U23,#REF!) -> #REF! | CR23: =SUMIF(#REF!,Overview!$U23,#REF!) -> #REF! | CS23: =SUMIF(#REF!,Overview!$U23,#REF!) -> #REF! | CT23: =SUMIF(#REF!,Overview!$U23,#REF!) -> #REF! | CU23: =SUMIF(#REF!,Overview!$U23,#REF!) -> #REF! | CV23: =SUMIF(#REF!,Overview!$U23,#REF!) -> #REF! | CW23: =SUMIF(#REF!,Overview!$U23,#REF!) -> #REF! | CX23: =SUMIF(#REF!,Overview!$U23,#REF!) -> #REF! | ... DE23: =SUMIF(#REF!,Overview!$U23,#REF!) -> #REF!
A24: daccs_local | B24: DACCS | D24: 319.05553 | H24: 2266282.5 | K24: Custom using ecoinvent 3.9.1 & simapro | L24: - | M24: - | N24: - | O24: 1 kg of CO2 captured | P24: carrier_prod | Q24: sequestered_carbon | R24: lifetime of 20 years (ecoinvent) | S24: - | T24: This was not available in ecoinvent but is likely in Premise | U24: carbon dioxide, captured from atmosphere and stored, with a solvent-based direct air capture system, 1MtCO2 | V24: 8a743f868b814179951e2ee3dcba42ef | W24: RER | X24: CH | Y24: kg | AB24: 1000 | AD24: =SUMIF(#REF!,Overview!U24,#REF!)-1 -> #REF! | AE24: =SUMIF(#REF!,Overview!U24,#REF!) -> #REF! | AF24: =SUMIF(#REF!,Overview!U24,#REF!) -> #REF! | AG24: =SUMIF(#REF!,Overview!U24,#REF!) -> #REF! | AH24: =SUMIF(#REF!,Overview!U24,#REF!) -> #REF! | AI24: =SUMIF(#REF!,Overview!U24,#REF!) -> #REF! | AJ24: =SUMIF(#REF!,Overview!U24,#REF!) -> #REF! | AK24: =SUMIF(#REF!,Overview!U24,#REF!) -> #REF! | AL24: =SUMIF(#REF!,Overview!U24,#REF!) -> #REF! | AM24: =SUMIF(#REF!,Overview!U24,#REF!) -> #REF! | AN24: =SUMIF(#REF!,Overview!U24,#REF!) -> #REF! | AO24: =SUMIF(#REF!,Overview!U24,#REF!) -> #REF! | AP24: =SUMIF(#REF!,Overview!U24,#REF!) -> #REF! | AQ24: =SUMIF(#REF!,Overview!U24,#REF!) -> #REF! | AR24: =SUMIF(#REF!,Overview!U24,#REF!) -> #REF! | AS24: =SUMIF(#REF!,Overview!U24,#REF!) -> #REF! | AT24: =AD24*$AB24*$G24 -> #REF! | AU24: =AE24*$AB24*$G24 -> #REF! | AV24: =AF24*$AB24*$G24 -> #REF! | AW24: =AG24*$AB24*$G24 -> #REF! | AX24: =AH24*$AB24*$G24 -> #REF! | AY24: =AI24*$AB24*$G24 -> #REF! | AZ24: =AJ24*$AB24*$G24 -> #REF! | BA24: =AK24*$AB24*$G24 -> #REF! | ... BI24: =AS24*$AB24*$G24 -> #REF! | BJ24: =AD24*$AB24*$H24 -> #REF! | BK24: =AE24*$AB24*$H24 -> #REF! | BL24: =AF24*$AB24*$H24 -> #REF! | BM24: =AG24*$AB24*$H24 -> #REF! | BN24: =AH24*$AB24*$H24 -> #REF! | BO24: =AI24*$AB24*$H24 -> #REF! | BP24: =AJ24*$AB24*$H24 -> #REF! | BQ24: =AK24*$AB24*$H24 -> #REF! | ... BY24: =AS24*$AB24*$H24 -> #REF! | BZ24: =AD24*$AB24*$I24 -> #REF! | CA24: =AE24*$AB24*$I24 -> #REF! | CB24: =AF24*$AB24*$I24 -> #REF! | CC24: =AG24*$AB24*$I24 -> #REF! | CD24: =AH24*$AB24*$I24 -> #REF! | CE24: =AI24*$AB24*$I24 -> #REF! | CF24: =AJ24*$AB24*$I24 -> #REF! | CG24: =AK24*$AB24*$I24 -> #REF! | ... CO24: =AS24*$AB24*$I24 -> #REF! | CP24: =(SUMIF(#REF!,Overview!$U24,#REF!))-1 -> #REF! | CQ24: =SUMIF(#REF!,Overview!$U24,#REF!) -> #REF! | CR24: =SUMIF(#REF!,Overview!$U24,#REF!) -> #REF! | CS24: =SUMIF(#REF!,Overview!$U24,#REF!) -> #REF! | CT24: =SUMIF(#REF!,Overview!$U24,#REF!) -> #REF! | CU24: =SUMIF(#REF!,Overview!$U24,#REF!) -> #REF! | CV24: =SUMIF(#REF!,Overview!$U24,#REF!) -> #REF! | CW24: =SUMIF(#REF!,Overview!$U24,#REF!) -> #REF! | CX24: =SUMIF(#REF!,Overview!$U24,#REF!) -> #REF! | ... DE24: =SUMIF(#REF!,Overview!$U24,#REF!) -> #REF!
A25: electric_heater | B25: Residential electric heating | C25: 0.00010152436 | D25: 1.2937629e-05 | E25: 3.5613685e-05 | F25: 0.00022127505 | G25: 0.0061244737 | H25: 0.00092607765 | I25: 0.0052418564 | J25: 0.026182431 | K25: ecoinvent 3.9.1 | L25: auxiliary heating unit production, electric, 5kW | M25: 3f0a21679010888d09c1dbcfb2419a60 | N25: CH | O25: 1.0 unit of 5kW | P25: energy_cap | Q25: electric_heater_heat | R25: lifetime of 15 years | S25: - | T25: - | U25: auxiliary heating unit production, electric, 5kW | V25: 3f0a21679010888d09c1dbcfb2419a60 | W25: CH | X25: CH | Y25: unit of 5kW | Z25: =1000000/5 -> 200000 | AD25: =SUMIF(#REF!,Overview!U25,#REF!) -> #REF! | AE25: =SUMIF(#REF!,Overview!U25,#REF!) -> #REF! | AF25: =SUMIF(#REF!,Overview!U25,#REF!) -> #REF! | AG25: =SUMIF(#REF!,Overview!U25,#REF!) -> #REF! | AH25: =SUMIF(#REF!,Overview!U25,#REF!) -> #REF! | AI25: =SUMIF(#REF!,Overview!U25,#REF!) -> #REF! | AJ25: =SUMIF(#REF!,Overview!U25,#REF!) -> #REF! | AK25: =SUMIF(#REF!,Overview!U25,#REF!) -> #REF! | AL25: =SUMIF(#REF!,Overview!U25,#REF!) -> #REF! | AM25: =SUMIF(#REF!,Overview!U25,#REF!) -> #REF! | AN25: =SUMIF(#REF!,Overview!U25,#REF!) -> #REF! | AO25: =SUMIF(#REF!,Overview!U25,#REF!) -> #REF! | AP25: =SUMIF(#REF!,Overview!U25,#REF!) -> #REF! | AQ25: =SUMIF(#REF!,Overview!U25,#REF!) -> #REF! | AR25: =SUMIF(#REF!,Overview!U25,#REF!) -> #REF! | AS25: =SUMIF(#REF!,Overview!U25,#REF!) -> #REF! | AT25: =AD25*$Z25*$C25/15 -> #REF! | AU25: =AE25*$Z25*$C25/15 -> #REF! | AV25: =AF25*$Z25*$C25/15 -> #REF! | AW25: =AG25*$Z25*$C25/15 -> #REF! | AX25: =AH25*$Z25*$C25/15 -> #REF! | AY25: =AI25*$Z25*$C25/15 -> #REF! | AZ25: =AJ25*$Z25*$C25/15 -> #REF! | BA25: =AK25*$Z25*$C25/15 -> #REF! | ... BI25: =AS25*$Z25*$C25/15 -> #REF! | BJ25: =AD25*$Z25*$D25/15 -> #REF! | BK25: =AE25*$Z25*$D25/15 -> #REF! | BL25: =AF25*$Z25*$D25/15 -> #REF! | BM25: =AG25*$Z25*$D25/15 -> #REF! | BN25: =AH25*$Z25*$D25/15 -> #REF! | BO25: =AI25*$Z25*$D25/15 -> #REF! | BP25: =AJ25*$Z25*$D25/15 -> #REF! | BQ25: =AK25*$Z25*$D25/15 -> #REF! | ... BY25: =AS25*$Z25*$D25/15 -> #REF! | BZ25: =AD25*$Z25*$E25/15 -> #REF! | CA25: =AE25*$Z25*$E25/15 -> #REF! | CB25: =AF25*$Z25*$E25/15 -> #REF! | CC25: =AG25*$Z25*$E25/15 -> #REF! | CD25: =AH25*$Z25*$E25/15 -> #REF! | CE25: =AI25*$Z25*$E25/15 -> #REF! | CF25: =AJ25*$Z25*$E25/15 -> #REF! | CG25: =AK25*$Z25*$E25/15 -> #REF! | ... CO25: =AS25*$Z25*$E25/15 -> #REF! | CP25: =SUMIF(#REF!,Overview!$U25,#REF!) -> #REF! | CQ25: =SUMIF(#REF!,Overview!$U25,#REF!) -> #REF! | CR25: =SUMIF(#REF!,Overview!$U25,#REF!) -> #REF! | CS25: =SUMIF(#REF!,Overview!$U25,#REF!) -> #REF! | CT25: =SUMIF(#REF!,Overview!$U25,#REF!) -> #REF! | CU25: =SUMIF(#REF!,Overview!$U25,#REF!) -> #REF! | CV25: =SUMIF(#REF!,Overview!$U25,#REF!) -> #REF! | CW25: =SUMIF(#REF!,Overview!$U25,#REF!) -> #REF! | ... DE25: =SUMIF(#REF!,Overview!$U25,#REF!) -> #REF!
A26: electrolysis | B26: Hydrogen electrolysis | C26: 0.1247697 | D26: 1.2173756 | E26: 0.124765 | F26: 2.8286483 | G26: 547.98004 | H26: 5083.7695 | I26: 533.93814 | J26: 12370.534 | K26: Custom using ecoinvent 3.9.1 & simapro | L26: - | M26: - | N26: - | O26: 1 unit of PEM 1 MW | P26: energy_cap | Q26: hydrogen | R26: lifetime of 7-8 years, 8000h per year (ecoinvent) | S26: - | T26: We assumed only the electrolyser here, the amount of electricity input is counted elsewhere | U26: electrolyzer production, 1MWe, PEM, Balance of Plant | V26: 875938dbe4f0428882e0cd51ad023c12 | W26: RER | X26: Abroad | Y26: 1 MW | Z26: =1000 -> 1000 | AD26: =SUMIF(#REF!,$U26,#REF!) -> #REF! | AE26: =SUMIF(#REF!,$U26,#REF!) -> #REF! | AF26: =SUMIF(#REF!,$U26,#REF!) -> #REF! | AG26: =SUMIF(#REF!,$U26,#REF!) -> #REF! | AH26: =SUMIF(#REF!,$U26,#REF!) -> #REF! | AI26: =SUMIF(#REF!,$U26,#REF!) -> #REF! | AJ26: =SUMIF(#REF!,$U26,#REF!) -> #REF! | AK26: =SUMIF(#REF!,Overview!U26,#REF!) -> #REF! | AL26: =SUMIF(#REF!,Overview!U26,#REF!) -> #REF! | AM26: =SUMIF(#REF!,$U26,#REF!) -> #REF! | AN26: =SUMIF(#REF!,$U26,#REF!) -> #REF! | AO26: =SUMIF(#REF!,$U26,#REF!) -> #REF! | AP26: =SUMIF(#REF!,$U26,#REF!) -> #REF! | AQ26: =SUMIF(#REF!,$U26,#REF!) -> #REF! | AR26: =SUMIF(#REF!,$U26,#REF!) -> #REF! | AS26: =SUMIF(#REF!,$U26,#REF!) -> #REF! | AT26: =AD26*$Z26*$C26/7 -> #REF! | AU26: =AE26*$Z26*$C26/7 -> #REF! | AV26: =AF26*$Z26*$C26/7 -> #REF! | AW26: =AG26*$Z26*$C26/7 -> #REF! | AX26: =AH26*$Z26*$C26/7 -> #REF! | AY26: =AI26*$Z26*$C26/7 -> #REF! | AZ26: =AJ26*$Z26*$C26/7 -> #REF! | BA26: =AK26*$Z26*$C26/7 -> #REF! | ... BI26: =AS26*$Z26*$C26/7 -> #REF! | BJ26: =AD26*$Z26*$D26/7 -> #REF! | BK26: =AE26*$Z26*$D26/7 -> #REF! | BL26: =AF26*$Z26*$D26/7 -> #REF! | BM26: =AG26*$Z26*$D26/7 -> #REF! | BN26: =AH26*$Z26*$D26/7 -> #REF! | BO26: =AI26*$Z26*$D26/7 -> #REF! | BP26: =AJ26*$Z26*$D26/7 -> #REF! | BQ26: =AK26*$Z26*$D26/7 -> #REF! | ... BY26: =AS26*$Z26*$D26/7 -> #REF! | BZ26: =AD26*$Z26*$E26/7 -> #REF! | CA26: =AE26*$Z26*$E26/7 -> #REF! | CB26: =AF26*$Z26*$E26/7 -> #REF! | CC26: =AG26*$Z26*$E26/7 -> #REF! | CD26: =AH26*$Z26*$E26/7 -> #REF! | CE26: =AI26*$Z26*$E26/7 -> #REF! | CF26: =AJ26*$Z26*$E26/7 -> #REF! | CG26: =AK26*$Z26*$E26/7 -> #REF! | ... CO26: =AS26*$Z26*$E26/7 -> #REF! | CP26: =SUMIF(#REF!,Overview!$U26,#REF!) -> #REF! | CQ26: =SUMIF(#REF!,Overview!$U26,#REF!) -> #REF! | CR26: =SUMIF(#REF!,Overview!$U26,#REF!) -> #REF! | CS26: =SUMIF(#REF!,Overview!$U26,#REF!) -> #REF! | CT26: =SUMIF(#REF!,Overview!$U26,#REF!) -> #REF! | CU26: =SUMIF(#REF!,Overview!$U26,#REF!) -> #REF! | CV26: =SUMIF(#REF!,Overview!$U26,#REF!) -> #REF! | CW26: =SUMIF(#REF!,Overview!$U26,#REF!) -> #REF! | ... DE26: =SUMIF(#REF!,Overview!$U26,#REF!) -> #REF!
B27: Electricity consumption of electrolyzer per GWh of Hydrogen produced | G27: =764/584 -> 1.3082192 | H27: =744/534 -> 1.3932584 | I27: =7087/5084 -> 1.3939811 | AK27: =SUMIF(#REF!,Overview!U27,#REF!) -> #REF! | AL27: =SUMIF(#REF!,Overview!U27,#REF!) -> #REF!
A28: hydrogen_storage | B28: Hydrogen storage | G28: 0.027980143 | H28: 0.0026257977 | I28: 0.012619909 | J28: 0.066539241 | AK28: =SUMIF(#REF!,Overview!U28,#REF!) -> #REF! | AL28: =SUMIF(#REF!,Overview!U28,#REF!) -> #REF!
A29: hydrogen_to_methane | B29: Hydrogen to methane | G29: 547.97119 | H29: 5083.7656 | I29: 533.92421 | J29: 18115.628 | AK29: =SUMIF(#REF!,Overview!U29,#REF!) -> #REF! | AL29: =SUMIF(#REF!,Overview!U29,#REF!) -> #REF!
A30: light_transport_fcev | B30: Hydrogen to light FCEV transp. | G30: -3.5435903e-05 | H30: 0 | I30: -0.0082467925 | U30: electrolyzer production, 1MWe, PEM, Balance of Plant | V30: 875938dbe4f0428882e0cd51ad023c12 | W30: RER | X30: Abroad | Y30: 1 MW | Z30: =1000 -> 1000 | AD30: =SUMIF(#REF!,Overview!U30,#REF!) -> #REF! | AE30: =SUMIF(#REF!,Overview!U30,#REF!) -> #REF! | AF30: =SUMIF(#REF!,Overview!U30,#REF!) -> #REF! | AG30: =SUMIF(#REF!,Overview!U30,#REF!) -> #REF! | AH30: =SUMIF(#REF!,Overview!U30,#REF!) -> #REF! | AI30: =SUMIF(#REF!,Overview!U30,#REF!) -> #REF! | AJ30: =SUMIF(#REF!,Overview!U30,#REF!) -> #REF! | AK30: =SUMIF(#REF!,Overview!U30,#REF!) -> #REF! | AL30: =SUMIF(#REF!,Overview!U30,#REF!) -> #REF! | AM30: =SUMIF(#REF!,Overview!U30,#REF!) -> #REF! | AN30: =SUMIF(#REF!,Overview!U30,#REF!) -> #REF! | AO30: =SUMIF(#REF!,Overview!U30,#REF!) -> #REF! | AP30: =SUMIF(#REF!,Overview!U30,#REF!) -> #REF! | AQ30: =SUMIF(#REF!,Overview!U30,#REF!) -> #REF! | AR30: =SUMIF(#REF!,Overview!U30,#REF!) -> #REF! | AS30: =SUMIF(#REF!,Overview!U30,#REF!) -> #REF! | CP30: =SUMIF(#REF!,Overview!$U30,#REF!) -> #REF! | CQ30: =SUMIF(#REF!,Overview!$U30,#REF!) -> #REF! | CR30: =SUMIF(#REF!,Overview!$U30,#REF!) -> #REF! | CS30: =SUMIF(#REF!,Overview!$U30,#REF!) -> #REF! | CT30: =SUMIF(#REF!,Overview!$U30,#REF!) -> #REF! | CU30: =SUMIF(#REF!,Overview!$U30,#REF!) -> #REF! | CV30: =SUMIF(#REF!,Overview!$U30,#REF!) -> #REF! | CW30: =SUMIF(#REF!,Overview!$U30,#REF!) -> #REF! | ... DE30: =SUMIF(#REF!,Overview!$U30,#REF!) -> #REF!
A31: heavy_transport_fcev | B31: Hydrogen to heavy FCEV transp. | G31: -0.00025952979 | H31: 0 | I31: -0.020570676 | U31: electrolyzer production, 1MWe, PEM, Balance of Plant | V31: 875938dbe4f0428882e0cd51ad023c12 | W31: RER | X31: Abroad | Y31: 1 MW | Z31: =1000 -> 1000 | AD31: =SUMIF(#REF!,Overview!U31,#REF!) -> #REF! | AE31: =SUMIF(#REF!,Overview!U31,#REF!) -> #REF! | AF31: =SUMIF(#REF!,Overview!U31,#REF!) -> #REF! | AG31: =SUMIF(#REF!,Overview!U31,#REF!) -> #REF! | AH31: =SUMIF(#REF!,Overview!U31,#REF!) -> #REF! | AI31: =SUMIF(#REF!,Overview!U31,#REF!) -> #REF! | AJ31: =SUMIF(#REF!,Overview!U31,#REF!) -> #REF! | AK31: =SUMIF(#REF!,Overview!U31,#REF!) -> #REF! | AL31: =SUMIF(#REF!,Overview!U31,#REF!) -> #REF! | AM31: =SUMIF(#REF!,Overview!U31,#REF!) -> #REF! | AN31: =SUMIF(#REF!,Overview!U31,#REF!) -> #REF! | AO31: =SUMIF(#REF!,Overview!U31,#REF!) -> #REF! | AP31: =SUMIF(#REF!,Overview!U31,#REF!) -> #REF! | AQ31: =SUMIF(#REF!,Overview!U31,#REF!) -> #REF! | AR31: =SUMIF(#REF!,Overview!U31,#REF!) -> #REF! | AS31: =SUMIF(#REF!,Overview!U31,#REF!) -> #REF! | CP31: =SUMIF(#REF!,Overview!$U31,#REF!) -> #REF! | CQ31: =SUMIF(#REF!,Overview!$U31,#REF!) -> #REF! | CR31: =SUMIF(#REF!,Overview!$U31,#REF!) -> #REF! | CS31: =SUMIF(#REF!,Overview!$U31,#REF!) -> #REF! | CT31: =SUMIF(#REF!,Overview!$U31,#REF!) -> #REF! | CU31: =SUMIF(#REF!,Overview!$U31,#REF!) -> #REF! | CV31: =SUMIF(#REF!,Overview!$U31,#REF!) -> #REF! | CW31: =SUMIF(#REF!,Overview!$U31,#REF!) -> #REF! | ... DE31: =SUMIF(#REF!,Overview!$U31,#REF!) -> #REF!
A32: heavy_transport_ev | B32: Heavy EV transport | F32: 5780.3037 | G32: 3200.6501 | H32: 3200.6551 | I32: 3200.6465 | J32: 8.7797005e-05 | K32: carculator_lci_truck | L32: transport, truck, battery electric, NMC-622 battery, 18t, 2050 | M32: 898c1836-7810-11ee-bb26-d6d8dd79958a | N32: CH | O32: 1.0 kilometer | P32: carrier_prod | Q32: heavy_transport | R32: Km over lifetime: 315000 [km] (ecoinvent) | S32: electricity supply for electric vehicles, 2050 (location : CH) | T32: You can find this in Premise directly probably | U32: transport, freight, lorry, battery electric, NMC-622 battery, 26t gross weight, long haul, Calliope | V32: aa1dbf3ec6f14f0b8ea6e84fb63ccb8d | W32: RER | X32: Abroad | Y32: ton km | AA32: =18*1000000 -> 18000000 | AD32: =SUMIF(#REF!,Overview!U32,#REF!) -> #REF! | AE32: =SUMIF(#REF!,Overview!U32,#REF!) -> #REF! | AF32: =SUMIF(#REF!,Overview!U32,#REF!) -> #REF! | AG32: =SUMIF(#REF!,Overview!U32,#REF!) -> #REF! | AH32: =SUMIF(#REF!,Overview!U32,#REF!) -> #REF! | AI32: =SUMIF(#REF!,Overview!U32,#REF!) -> #REF! | AJ32: =SUMIF(#REF!,Overview!U32,#REF!) -> #REF! | AK32: =SUMIF(#REF!,Overview!U32,#REF!) -> #REF! | AL32: =SUMIF(#REF!,Overview!U32,#REF!) -> #REF! | AM32: =SUMIF(#REF!,Overview!U32,#REF!) -> #REF! | AN32: =SUMIF(#REF!,Overview!U32,#REF!) -> #REF! | AO32: =SUMIF(#REF!,Overview!U32,#REF!) -> #REF! | AP32: =SUMIF(#REF!,Overview!U32,#REF!) -> #REF! | AQ32: =SUMIF(#REF!,Overview!U32,#REF!) -> #REF! | AR32: =SUMIF(#REF!,Overview!U32,#REF!) -> #REF! | AS32: =SUMIF(#REF!,Overview!U32,#REF!) -> #REF! | AT32: =AD32*$AA32*$G32 -> #REF! | AU32: =AE32*$AA32*$G32 -> #REF! | AV32: =AF32*$AA32*$G32 -> #REF! | AW32: =AG32*$AA32*$G32 -> #REF! | AX32: =AH32*$AA32*$G32 -> #REF! | AY32: =AI32*$AA32*$G32 -> #REF! | AZ32: =AJ32*$AA32*$G32 -> #REF! | BA32: =AK32*$AA32*$G32 -> #REF! | ... BI32: =AS32*$AA32*$G32 -> #REF! | BJ32: =AD32*$AA32*$H32 -> #REF! | BK32: =AE32*$AA32*$H32 -> #REF! | BL32: =AF32*$AA32*$H32 -> #REF! | BM32: =AG32*$AA32*$H32 -> #REF! | BN32: =AH32*$AA32*$H32 -> #REF! | BO32: =AI32*$AA32*$H32 -> #REF! | BP32: =AJ32*$AA32*$H32 -> #REF! | BQ32: =AK32*$AA32*$H32 -> #REF! | ... BY32: =AS32*$AA32*$H32 -> #REF! | BZ32: =AD32*$AA32*$I32 -> #REF! | CA32: =AE32*$AA32*$I32 -> #REF! | CB32: =AF32*$AA32*$I32 -> #REF! | CC32: =AG32*$AA32*$I32 -> #REF! | CD32: =AH32*$AA32*$I32 -> #REF! | CE32: =AI32*$AA32*$I32 -> #REF! | CF32: =AJ32*$AA32*$I32 -> #REF! | CG32: =AK32*$AA32*$I32 -> #REF! | ... CO32: =AS32*$AA32*$I32 -> #REF! | CP32: =SUMIF(#REF!,Overview!$U32,#REF!) -> #REF! | CQ32: =SUMIF(#REF!,Overview!$U32,#REF!) -> #REF! | CR32: =SUMIF(#REF!,Overview!$U32,#REF!) -> #REF! | CS32: =SUMIF(#REF!,Overview!$U32,#REF!) -> #REF! | CT32: =SUMIF(#REF!,Overview!$U32,#REF!) -> #REF! | CU32: =SUMIF(#REF!,Overview!$U32,#REF!) -> #REF! | CV32: =SUMIF(#REF!,Overview!$U32,#REF!) -> #REF! | CW32: =SUMIF(#REF!,Overview!$U32,#REF!) -> #REF! | ... DE32: =SUMIF(#REF!,Overview!$U32,#REF!) -> #REF!
A33: heavy_transport_fcev | B33: Heavy FCEV transport | F33: 5780.6617 | G33: 0.00014573629 | H33: 0 | I33: 0.016832473 | J33: 3200.6688 | K33: carculator_lci_truck | L33: transport, truck, fuel cell electric, 18t, 2050 | M33: 8993f0e2-7810-11ee-bb26-d6d8dd79958a | N33: CH | O33: 1.0 kilometer | P33: carrier_prod | Q33: heavy_transport | R33: Km over lifetime: 315000 [km] (ecoinvent) lifetime of 15 years | S33: fuel supply for hydrogen vehicles, 2050 (location : CH) | U33: transport, freight, lorry, fuel cell electric, 26t gross weight, long haul, Calliope | V33: b20175e2cfa5497586946309a3a59ec5 | W33: RER | X33: Abroad | Y33: ton km | AA33: =18*1000000 -> 18000000 | AD33: =SUMIF(#REF!,Overview!U33,#REF!) -> #REF! | AE33: =SUMIF(#REF!,Overview!U33,#REF!) -> #REF! | AF33: =SUMIF(#REF!,Overview!U33,#REF!) -> #REF! | AG33: =SUMIF(#REF!,Overview!U33,#REF!) -> #REF! | AH33: =SUMIF(#REF!,Overview!U33,#REF!) -> #REF! | AI33: =SUMIF(#REF!,Overview!U33,#REF!) -> #REF! | AJ33: =SUMIF(#REF!,Overview!U33,#REF!) -> #REF! | AK33: =SUMIF(#REF!,Overview!U33,#REF!) -> #REF! | AL33: =SUMIF(#REF!,Overview!U33,#REF!) -> #REF! | AM33: =SUMIF(#REF!,Overview!U33,#REF!) -> #REF! | AN33: =SUMIF(#REF!,Overview!U33,#REF!) -> #REF! | AO33: =SUMIF(#REF!,Overview!U33,#REF!) -> #REF! | AP33: =SUMIF(#REF!,Overview!U33,#REF!) -> #REF! | AQ33: =SUMIF(#REF!,Overview!U33,#REF!) -> #REF! | AR33: =SUMIF(#REF!,Overview!U33,#REF!) -> #REF! | AS33: =SUMIF(#REF!,Overview!U33,#REF!) -> #REF! | AT33: =AD33*$AA33*$G33 -> #REF! | AU33: =AE33*$AA33*$G33 -> #REF! | AV33: =AF33*$AA33*$G33 -> #REF! | AW33: =AG33*$AA33*$G33 -> #REF! | AX33: =AH33*$AA33*$G33 -> #REF! | AY33: =AI33*$AA33*$G33 -> #REF! | AZ33: =AJ33*$AA33*$G33 -> #REF! | BA33: =AK33*$AA33*$G33 -> #REF! | ... BI33: =AS33*$AA33*$G33 -> #REF! | BJ33: =AD33*$AA33*$H33 -> #REF! | BK33: =AE33*$AA33*$H33 -> #REF! | BL33: =AF33*$AA33*$H33 -> #REF! | BM33: =AG33*$AA33*$H33 -> #REF! | BN33: =AH33*$AA33*$H33 -> #REF! | BO33: =AI33*$AA33*$H33 -> #REF! | BP33: =AJ33*$AA33*$H33 -> #REF! | BQ33: =AK33*$AA33*$H33 -> #REF! | ... BY33: =AS33*$AA33*$H33 -> #REF! | BZ33: =AD33*$AA33*$I33 -> #REF! | CA33: =AE33*$AA33*$I33 -> #REF! | CB33: =AF33*$AA33*$I33 -> #REF! | CC33: =AG33*$AA33*$I33 -> #REF! | CD33: =AH33*$AA33*$I33 -> #REF! | CE33: =AI33*$AA33*$I33 -> #REF! | CF33: =AJ33*$AA33*$I33 -> #REF! | CG33: =AK33*$AA33*$I33 -> #REF! | ... CO33: =AS33*$AA33*$I33 -> #REF! | CP33: =SUMIF(#REF!,Overview!$U33,#REF!) -> #REF! | CQ33: =SUMIF(#REF!,Overview!$U33,#REF!) -> #REF! | CR33: =SUMIF(#REF!,Overview!$U33,#REF!) -> #REF! | CS33: =SUMIF(#REF!,Overview!$U33,#REF!) -> #REF! | CT33: =SUMIF(#REF!,Overview!$U33,#REF!) -> #REF! | CU33: =SUMIF(#REF!,Overview!$U33,#REF!) -> #REF! | CV33: =SUMIF(#REF!,Overview!$U33,#REF!) -> #REF! | CW33: =SUMIF(#REF!,Overview!$U33,#REF!) -> #REF! | ... DE33: =SUMIF(#REF!,Overview!$U33,#REF!) -> #REF!
A34: heavy_transport_ice | B34: Heavy ICE transport | F34: 5780.3437 | G34: 0.006820336 | H34: 0 | I34: 0 | J34: 0 | K34: carculator_lci_truck | L34: transport, truck, diesel, 18t, 2050, Euro-6 | M34: 89a78de6-7810-11ee-bb26-d6d8dd79958a | N34: CH | O34: 1.0 kilometer | P34: carrier_prod | Q34: heavy_transport | R34: Km over lifetime: 315000 [km] (ecoinvent) | S34: fuel supply for diesel vehicles, 2050 (location : CH) | U34: transport, freight, lorry, diesel, 26t gross weight, EURO-VI, long haul, Calliope | V34: cc40183550824e76aefa91957b75f57e | W34: RER | X34: Abroad | Y34: ton km | AA34: =18*1000000 -> 18000000 | AD34: =SUMIF(#REF!,Overview!U34,#REF!) -> #REF! | AE34: =SUMIF(#REF!,Overview!U34,#REF!) -> #REF! | AF34: =SUMIF(#REF!,Overview!U34,#REF!) -> #REF! | AG34: =SUMIF(#REF!,Overview!U34,#REF!) -> #REF! | AH34: =SUMIF(#REF!,Overview!U34,#REF!) -> #REF! | AI34: =SUMIF(#REF!,Overview!U34,#REF!) -> #REF! | AJ34: =SUMIF(#REF!,Overview!U34,#REF!) -> #REF! | AK34: =SUMIF(#REF!,Overview!U34,#REF!) -> #REF! | AL34: =SUMIF(#REF!,Overview!U34,#REF!) -> #REF! | AM34: =SUMIF(#REF!,Overview!U34,#REF!) -> #REF! | AN34: =SUMIF(#REF!,Overview!U34,#REF!) -> #REF! | AO34: =SUMIF(#REF!,Overview!U34,#REF!) -> #REF! | AP34: =SUMIF(#REF!,Overview!U34,#REF!) -> #REF! | AQ34: =SUMIF(#REF!,Overview!U34,#REF!) -> #REF! | AR34: =SUMIF(#REF!,Overview!U34,#REF!) -> #REF! | AS34: =SUMIF(#REF!,Overview!U34,#REF!) -> #REF! | AT34: =AD34*$AA34*$G34 -> #REF! | AU34: =AE34*$AA34*$G34 -> #REF! | AV34: =AF34*$AA34*$G34 -> #REF! | AW34: =AG34*$AA34*$G34 -> #REF! | AX34: =AH34*$AA34*$G34 -> #REF! | AY34: =AI34*$AA34*$G34 -> #REF! | AZ34: =AJ34*$AA34*$G34 -> #REF! | BA34: =AK34*$AA34*$G34 -> #REF! | ... BI34: =AS34*$AA34*$G34 -> #REF! | BJ34: =AD34*$AA34*$H34 -> #REF! | BK34: =AE34*$AA34*$H34 -> #REF! | BL34: =AF34*$AA34*$H34 -> #REF! | BM34: =AG34*$AA34*$H34 -> #REF! | BN34: =AH34*$AA34*$H34 -> #REF! | BO34: =AI34*$AA34*$H34 -> #REF! | BP34: =AJ34*$AA34*$H34 -> #REF! | BQ34: =AK34*$AA34*$H34 -> #REF! | ... BY34: =AS34*$AA34*$H34 -> #REF! | BZ34: =AD34*$AA34*$I34 -> #REF! | CA34: =AE34*$AA34*$I34 -> #REF! | CB34: =AF34*$AA34*$I34 -> #REF! | CC34: =AG34*$AA34*$I34 -> #REF! | CD34: =AH34*$AA34*$I34 -> #REF! | CE34: =AI34*$AA34*$I34 -> #REF! | CF34: =AJ34*$AA34*$I34 -> #REF! | CG34: =AK34*$AA34*$I34 -> #REF! | ... CO34: =AS34*$AA34*$I34 -> #REF! | CP34: =SUMIF(#REF!,Overview!$U34,#REF!) -> #REF! | CQ34: =SUMIF(#REF!,Overview!$U34,#REF!) -> #REF! | CR34: =SUMIF(#REF!,Overview!$U34,#REF!) -> #REF! | CS34: =SUMIF(#REF!,Overview!$U34,#REF!) -> #REF! | CT34: =SUMIF(#REF!,Overview!$U34,#REF!) -> #REF! | CU34: =SUMIF(#REF!,Overview!$U34,#REF!) -> #REF! | CV34: =SUMIF(#REF!,Overview!$U34,#REF!) -> #REF! | CW34: =SUMIF(#REF!,Overview!$U34,#REF!) -> #REF! | ... DE34: =SUMIF(#REF!,Overview!$U34,#REF!) -> #REF!
A35: hp | B35: Heat Pump | C35: 6.134213 | D35: 16.763449 | E35: 10.945701 | F35: 1.3409766 | G35: 24388.462 | H35: 63819.989 | I35: 41269.786 | J35: 9556.8709 | K35: ecoinvent 3.9.1 | L35: heat pump production, 30kW | M35: 7c650750df1c07dab55f1f9fe76da8ef | N35: RER | O35: 1.0 unit of 30kW | P35: energy_cap | Q35: hp_heat | R35: lifetime of 20 years (ecoinvent) | S35: - | T35: - | U35: heat pump production, 30kW | V35: 7c650750df1c07dab55f1f9fe76da8ef | W35: RER | X35: CH | Y35: unit of 30kW | Z35: =1000000/30 -> 33333.333 | AD35: =SUMIF(#REF!,Overview!U35,#REF!) -> #REF! | AE35: =SUMIF(#REF!,Overview!U35,#REF!) -> #REF! | AF35: =SUMIF(#REF!,Overview!U35,#REF!) -> #REF! | AG35: =SUMIF(#REF!,Overview!U35,#REF!) -> #REF! | AH35: =SUMIF(#REF!,Overview!U35,#REF!) -> #REF! | AI35: =SUMIF(#REF!,Overview!U35,#REF!) -> #REF! | AJ35: =SUMIF(#REF!,Overview!U35,#REF!) -> #REF! | AK35: =SUMIF(#REF!,Overview!U35,#REF!) -> #REF! | AL35: =SUMIF(#REF!,Overview!U35,#REF!) -> #REF! | AM35: =SUMIF(#REF!,Overview!U35,#REF!) -> #REF! | AN35: =SUMIF(#REF!,Overview!U35,#REF!) -> #REF! | AO35: =SUMIF(#REF!,Overview!U35,#REF!) -> #REF! | AP35: =SUMIF(#REF!,Overview!U35,#REF!) -> #REF! | AQ35: =SUMIF(#REF!,Overview!U35,#REF!) -> #REF! | AR35: =SUMIF(#REF!,Overview!U35,#REF!) -> #REF! | AS35: =SUMIF(#REF!,Overview!U35,#REF!) -> #REF! | AT35: =AD35*$Z35*$C35/20 -> #REF! | AU35: =AE35*$Z35*$C35/20 -> #REF! | AV35: =AF35*$Z35*$C35/20 -> #REF! | AW35: =AG35*$Z35*$C35/20 -> #REF! | AX35: =AH35*$Z35*$C35/20 -> #REF! | AY35: =AI35*$Z35*$C35/20 -> #REF! | AZ35: =AJ35*$Z35*$C35/20 -> #REF! | BA35: =AK35*$Z35*$C35/20 -> #REF! | ... BI35: =AS35*$Z35*$C35/20 -> #REF! | BJ35: =AD35*$Z35*$D35/20 -> #REF! | BK35: =AE35*$Z35*$D35/20 -> #REF! | BL35: =AF35*$Z35*$D35/20 -> #REF! | BM35: =AG35*$Z35*$D35/20 -> #REF! | BN35: =AH35*$Z35*$D35/20 -> #REF! | BO35: =AI35*$Z35*$D35/20 -> #REF! | BP35: =AJ35*$Z35*$D35/20 -> #REF! | BQ35: =AK35*$Z35*$D35/20 -> #REF! | ... BY35: =AS35*$Z35*$D35/20 -> #REF! | BZ35: =AD35*$Z35*$E35/20 -> #REF! | CA35: =AE35*$Z35*$E35/20 -> #REF! | CB35: =AF35*$Z35*$E35/20 -> #REF! | CC35: =AG35*$Z35*$E35/20 -> #REF! | CD35: =AH35*$Z35*$E35/20 -> #REF! | CE35: =AI35*$Z35*$E35/20 -> #REF! | CF35: =AJ35*$Z35*$E35/20 -> #REF! | CG35: =AK35*$Z35*$E35/20 -> #REF! | ... CO35: =AS35*$Z35*$E35/20 -> #REF! | CP35: =SUMIF(#REF!,Overview!$U35,#REF!) -> #REF! | CQ35: =SUMIF(#REF!,Overview!$U35,#REF!) -> #REF! | CR35: =SUMIF(#REF!,Overview!$U35,#REF!) -> #REF! | CS35: =SUMIF(#REF!,Overview!$U35,#REF!) -> #REF! | CT35: =SUMIF(#REF!,Overview!$U35,#REF!) -> #REF! | CU35: =SUMIF(#REF!,Overview!$U35,#REF!) -> #REF! | CV35: =SUMIF(#REF!,Overview!$U35,#REF!) -> #REF! | CW35: =SUMIF(#REF!,Overview!$U35,#REF!) -> #REF! | ... DE35: =SUMIF(#REF!,Overview!$U35,#REF!) -> #REF!
B36: Electricity import | G36: =43381-36525 -> 6856 | H36: =49821-36687 -> 13134 | I36: =42355-40770 -> 1585 | J36: 14795 | U36: electricity, high voltage, European attribute mix | V36: cea03305053a6a99da53f386134b4acb | W36: RER | X36: Abroad | Y36: kWh | Z36: 1000000 | AD36: =SUMIF(#REF!,Overview!U36,#REF!) -> #REF! | AE36: =SUMIF(#REF!,Overview!U36,#REF!) -> #REF! | AF36: =SUMIF(#REF!,Overview!U36,#REF!) -> #REF! | AG36: =SUMIF(#REF!,Overview!U36,#REF!) -> #REF! | AH36: =SUMIF(#REF!,Overview!U36,#REF!) -> #REF! | AI36: =SUMIF(#REF!,Overview!U36,#REF!) -> #REF! | AJ36: =SUMIF(#REF!,Overview!U36,#REF!) -> #REF! | AK36: =SUMIF(#REF!,Overview!U36,#REF!) -> #REF! | AL36: =SUMIF(#REF!,Overview!U36,#REF!) -> #REF! | AM36: =SUMIF(#REF!,Overview!U36,#REF!) -> #REF! | AN36: =SUMIF(#REF!,Overview!U36,#REF!) -> #REF! | AO36: =SUMIF(#REF!,Overview!U36,#REF!) -> #REF! | AP36: =SUMIF(#REF!,Overview!U36,#REF!) -> #REF! | AQ36: =SUMIF(#REF!,Overview!U36,#REF!) -> #REF! | AR36: =SUMIF(#REF!,Overview!U36,#REF!) -> #REF! | AS36: =SUMIF(#REF!,Overview!U36,#REF!) -> #REF! | CP36: =SUMIF(#REF!,Overview!$U36,#REF!) -> #REF! | CQ36: =SUMIF(#REF!,Overview!$U36,#REF!) -> #REF! | CR36: =SUMIF(#REF!,Overview!$U36,#REF!) -> #REF! | CS36: =SUMIF(#REF!,Overview!$U36,#REF!) -> #REF! | CT36: =SUMIF(#REF!,Overview!$U36,#REF!) -> #REF! | CU36: =SUMIF(#REF!,Overview!$U36,#REF!) -> #REF! | CV36: =SUMIF(#REF!,Overview!$U36,#REF!) -> #REF! | CW36: =SUMIF(#REF!,Overview!$U36,#REF!) -> #REF! | ... DE36: =SUMIF(#REF!,Overview!$U36,#REF!) -> #REF!
A37: import_natgas | B37: Natural Gas import | H37: 26916.736 | K37: ecoinvent 3.9.1 | L37: market for natural gas, high pressure | M37: 6a60dc6386928f379bff65ad8c801001 | N37: CH | O37: 1.0 cubic meter | P37: carrier_prod | Q37: natural_gas | R37: Multiply by 34.4 / 3.6e6 to obtain GWh / m3, assuming LHV = 34.4 MJ / Nm3 = 34.4 / 3.6e6 GWh/Nm3 | S37: pipeline construction, natural gas, high pressure distribution network (location : CH) | T37: - | U37: market for natural gas, high pressure, Calliope | V37: 6a60dc6386928f379bff65ad8c801001 | W37: CH | X37: Abroad | Y37: m3 | Z37: =3.6*1000000/34.4 -> 104651.16 | AC37: m3/GWh | AD37: =SUMIF(#REF!,Overview!U37,#REF!) -> #REF! | AE37: =SUMIF(#REF!,Overview!U37,#REF!) -> #REF! | AF37: =SUMIF(#REF!,Overview!U37,#REF!) -> #REF! | AG37: =SUMIF(#REF!,Overview!U37,#REF!) -> #REF! | AH37: =SUMIF(#REF!,Overview!U37,#REF!) -> #REF! | AI37: =SUMIF(#REF!,Overview!U37,#REF!) -> #REF! | AJ37: =SUMIF(#REF!,Overview!U37,#REF!) -> #REF! | AK37: =SUMIF(#REF!,Overview!U37,#REF!) -> #REF! | AL37: =SUMIF(#REF!,Overview!U37,#REF!) -> #REF! | AM37: =SUMIF(#REF!,Overview!U37,#REF!) -> #REF! | AN37: =SUMIF(#REF!,Overview!U37,#REF!) -> #REF! | AO37: =SUMIF(#REF!,Overview!U37,#REF!) -> #REF! | AP37: =SUMIF(#REF!,Overview!U37,#REF!) -> #REF! | AQ37: =SUMIF(#REF!,Overview!U37,#REF!) -> #REF! | AR37: =SUMIF(#REF!,Overview!U37,#REF!) -> #REF! | AS37: =SUMIF(#REF!,Overview!U37,#REF!) -> #REF! | AT37: =AD37*$Z37*$G37 -> #REF! | AU37: =AE37*$Z37*$G37 -> #REF! | AV37: =AF37*$Z37*$G37 -> #REF! | AW37: =AG37*$Z37*$G37 -> #REF! | AX37: =AH37*$Z37*$G37 -> #REF! | AY37: =AI37*$Z37*$G37 -> #REF! | AZ37: =AJ37*$Z37*$G37 -> #REF! | BA37: =AK37*$Z37*$G37 -> #REF! | ... BI37: =AS37*$Z37*$G37 -> #REF! | BJ37: =AD37*$Z37*$H37 -> #REF! | BK37: =AE37*$Z37*$H37 -> #REF! | BL37: =AF37*$Z37*$H37 -> #REF! | BM37: =AG37*$Z37*$H37 -> #REF! | BN37: =AH37*$Z37*$H37 -> #REF! | BO37: =AI37*$Z37*$H37 -> #REF! | BP37: =AJ37*$Z37*$H37 -> #REF! | BQ37: =AK37*$Z37*$H37 -> #REF! | ... BY37: =AS37*$Z37*$H37 -> #REF! | BZ37: =AD37*$Z37*$I37 -> #REF! | CA37: =AE37*$Z37*$I37 -> #REF! | CB37: =AF37*$Z37*$I37 -> #REF! | CC37: =AG37*$Z37*$I37 -> #REF! | CD37: =AH37*$Z37*$I37 -> #REF! | CE37: =AI37*$Z37*$I37 -> #REF! | CF37: =AJ37*$Z37*$I37 -> #REF! | CG37: =AK37*$Z37*$I37 -> #REF! | ... CO37: =AS37*$Z37*$I37 -> #REF! | CP37: =SUMIF(#REF!,Overview!$U37,#REF!) -> #REF! | CQ37: =SUMIF(#REF!,Overview!$U37,#REF!) -> #REF! | CR37: =SUMIF(#REF!,Overview!$U37,#REF!) -> #REF! | CS37: =SUMIF(#REF!,Overview!$U37,#REF!) -> #REF! | CT37: =SUMIF(#REF!,Overview!$U37,#REF!) -> #REF! | CU37: =SUMIF(#REF!,Overview!$U37,#REF!) -> #REF! | CV37: =SUMIF(#REF!,Overview!$U37,#REF!) -> #REF! | CW37: =SUMIF(#REF!,Overview!$U37,#REF!) -> #REF! | ... DE37: =SUMIF(#REF!,Overview!$U37,#REF!) -> #REF!
A38: import_syndiesel | B38: Import Syndiesel | G38: 0 | H38: 0 | I38: 0 | J38: 0 | AK38: =SUMIF(#REF!,Overview!U38,#REF!) -> #REF! | AL38: =SUMIF(#REF!,Overview!U38,#REF!) -> #REF!
A39: import_hydrogen | B39: Import Hydrogen | G39: 0 | H39: 0 | I39: 0.016586981 | J39: 11111.119 | R39: Final average LHV of 120.0 MJ/kg (ecoinvent) | U39: market for hydrogen, gaseous | V39: d85ae31eaf86454b8bf8525ec1adf45d | W39: EUR | X39: Abroad | Y39: kg | Z39: =3.6*1000000/120 -> 30000 | AC39: kg / GWh | AD39: =SUMIF(#REF!,Overview!U39,#REF!) -> #REF! | AE39: =SUMIF(#REF!,Overview!U39,#REF!) -> #REF! | AF39: =SUMIF(#REF!,Overview!U39,#REF!) -> #REF! | AG39: =SUMIF(#REF!,Overview!U39,#REF!) -> #REF! | AH39: =SUMIF(#REF!,Overview!U39,#REF!) -> #REF! | AI39: =SUMIF(#REF!,Overview!U39,#REF!) -> #REF! | AJ39: =SUMIF(#REF!,Overview!U39,#REF!) -> #REF! | AK39: =SUMIF(#REF!,Overview!U39,#REF!) -> #REF! | AL39: =SUMIF(#REF!,Overview!U39,#REF!) -> #REF! | AM39: =SUMIF(#REF!,Overview!U39,#REF!) -> #REF! | AN39: =SUMIF(#REF!,Overview!U39,#REF!) -> #REF! | AO39: =SUMIF(#REF!,Overview!U39,#REF!) -> #REF! | AP39: =SUMIF(#REF!,Overview!U39,#REF!) -> #REF! | AQ39: =SUMIF(#REF!,Overview!U39,#REF!) -> #REF! | AR39: =SUMIF(#REF!,Overview!U39,#REF!) -> #REF! | AS39: =SUMIF(#REF!,Overview!U39,#REF!) -> #REF! | CP39: =SUMIF(#REF!,Overview!$U39,#REF!) -> #REF! | CQ39: =SUMIF(#REF!,Overview!$U39,#REF!) -> #REF! | CR39: =SUMIF(#REF!,Overview!$U39,#REF!) -> #REF! | CS39: =SUMIF(#REF!,Overview!$U39,#REF!) -> #REF! | CT39: =SUMIF(#REF!,Overview!$U39,#REF!) -> #REF! | CU39: =SUMIF(#REF!,Overview!$U39,#REF!) -> #REF! | CV39: =SUMIF(#REF!,Overview!$U39,#REF!) -> #REF! | CW39: =SUMIF(#REF!,Overview!$U39,#REF!) -> #REF! | ... DE39: =SUMIF(#REF!,Overview!$U39,#REF!) -> #REF!
A40: import_synmethane | B40: Synthetic Methane import | F40: 5781.1612 | G40: 9129.2301 | H40: 0 | I40: 0 | J40: 7598.0082 | K40: Reconstructed using ecoinvent 3.9.1 processes | L40: - | M40: - | N40: - | O40: - | P40: carrier_prod | Q40: methane | R40: Reconstructed using electricity assumption + electrolysis assumption + DAC assumption 0.05TJ/t (Source: https://www.bafu.admin.ch/dam/bafu/en/dokumente/klima/fachinfo-daten/CO2_Emissionsfaktoren_THG_Inventar.pdf.download.pdf/Faktenblatt_CO2-Emissionsfaktoren_04-2024_DE.pdf) 0.05TJ/t = 50 MJ/kg | S40: - | T40: This was not available in ecoinvent but is likely in Premise | U40: methane, from electrochemical methanation, with carbon from atmosphere | V40: 7adb48afd0684d789196335626cf62c0 | W40: RER | X40: Abroad | Y40: kg | Z40: =3.6*1000000/50 -> 72000 | AC40: kg/GWh | AD40: =SUMIF(#REF!,Overview!U40,#REF!)-2.75034867503486 -> #REF! | AE40: =SUMIF(#REF!,Overview!U40,#REF!) -> #REF! | AF40: =SUMIF(#REF!,Overview!U40,#REF!) -> #REF! | AG40: =SUMIF(#REF!,Overview!U40,#REF!) -> #REF! | AH40: =SUMIF(#REF!,Overview!U40,#REF!) -> #REF! | AI40: =SUMIF(#REF!,Overview!U40,#REF!) -> #REF! | AJ40: =SUMIF(#REF!,Overview!U40,#REF!) -> #REF! | AK40: =SUMIF(#REF!,Overview!U40,#REF!) -> #REF! | AL40: =SUMIF(#REF!,Overview!U40,#REF!) -> #REF! | AM40: =SUMIF(#REF!,Overview!U40,#REF!) -> #REF! | AN40: =SUMIF(#REF!,Overview!U40,#REF!) -> #REF! | AO40: =SUMIF(#REF!,Overview!U40,#REF!) -> #REF! | AP40: =SUMIF(#REF!,Overview!U40,#REF!) -> #REF! | AQ40: =SUMIF(#REF!,Overview!U40,#REF!) -> #REF! | AR40: =SUMIF(#REF!,Overview!U40,#REF!) -> #REF! | AS40: =SUMIF(#REF!,Overview!U40,#REF!) -> #REF! | AT40: =AD40*$Z40*$G40 -> #REF! | AU40: =AE40*$Z40*$G40 -> #REF! | AV40: =AF40*$Z40*$G40 -> #REF! | AW40: =AG40*$Z40*$G40 -> #REF! | AX40: =AH40*$Z40*$G40 -> #REF! | AY40: =AI40*$Z40*$G40 -> #REF! | AZ40: =AJ40*$Z40*$G40 -> #REF! | BA40: =AK40*$Z40*$G40 -> #REF! | ... BI40: =AS40*$Z40*$G40 -> #REF! | BJ40: =AD40*$Z40*$H40 -> #REF! | BK40: =AE40*$Z40*$H40 -> #REF! | BL40: =AF40*$Z40*$H40 -> #REF! | BM40: =AG40*$Z40*$H40 -> #REF! | BN40: =AH40*$Z40*$H40 -> #REF! | BO40: =AI40*$Z40*$H40 -> #REF! | BP40: =AJ40*$Z40*$H40 -> #REF! | BQ40: =AK40*$Z40*$H40 -> #REF! | ... BY40: =AS40*$Z40*$H40 -> #REF! | BZ40: =AD40*$Z40*$I40 -> #REF! | CA40: =AE40*$Z40*$I40 -> #REF! | CB40: =AF40*$Z40*$I40 -> #REF! | CC40: =AG40*$Z40*$I40 -> #REF! | CD40: =AH40*$Z40*$I40 -> #REF! | CE40: =AI40*$Z40*$I40 -> #REF! | CF40: =AJ40*$Z40*$I40 -> #REF! | CG40: =AK40*$Z40*$I40 -> #REF! | ... CO40: =AS40*$Z40*$I40 -> #REF! | CP40: =SUMIF(#REF!,Overview!$U40,#REF!)-2.75034867503486 -> #REF! | CQ40: =SUMIF(#REF!,Overview!$U40,#REF!) -> #REF! | CR40: =SUMIF(#REF!,Overview!$U40,#REF!) -> #REF! | CS40: =SUMIF(#REF!,Overview!$U40,#REF!) -> #REF! | CT40: =SUMIF(#REF!,Overview!$U40,#REF!) -> #REF! | CU40: =SUMIF(#REF!,Overview!$U40,#REF!) -> #REF! | CV40: =SUMIF(#REF!,Overview!$U40,#REF!) -> #REF! | CW40: =SUMIF(#REF!,Overview!$U40,#REF!) -> #REF! | CX40: =SUMIF(#REF!,Overview!$U40,#REF!) -> #REF! | ... DE40: =SUMIF(#REF!,Overview!$U40,#REF!) -> #REF!
A41: industry_biofuel_boiler | B41: Biomass industry boiler | C41: 0.0089813167 | D41: 0.0087495404 | E41: 1.9485716e-05 | F41: 8.5733421e-05 | G41: 76.701647 | H41: 76.813197 | I41: 0.065750217 | J41: 0.072338669 | K41: ecoinvent 3.9.1 | L41: furnace production, wood chips, with silo, 50kW | M41: 333bd422fa2177e933445cd00b981505 | N41: CH | O41: 1.0 unit of 50kW | P41: energy_cap | Q41: industry_biofuel_boiler_heat | R41: Lifetime of 17 years | S41: - | T41: - | U41: furnace production, wood chips, with silo, 50kW | V41: 333bd422fa2177e933445cd00b981505 | W41: CH | X41: CH | Y41: unit of 50kW | Z41: =1000000/50 -> 20000 | AD41: =SUMIF(#REF!,Overview!U41,#REF!) -> #REF! | AE41: =SUMIF(#REF!,Overview!U41,#REF!) -> #REF! | AF41: =SUMIF(#REF!,Overview!U41,#REF!) -> #REF! | AG41: =SUMIF(#REF!,Overview!U41,#REF!) -> #REF! | AH41: =SUMIF(#REF!,Overview!U41,#REF!) -> #REF! | AI41: =SUMIF(#REF!,Overview!U41,#REF!) -> #REF! | AJ41: =SUMIF(#REF!,Overview!U41,#REF!) -> #REF! | AK41: =SUMIF(#REF!,Overview!U41,#REF!) -> #REF! | AL41: =SUMIF(#REF!,Overview!U41,#REF!) -> #REF! | AM41: =SUMIF(#REF!,Overview!U41,#REF!) -> #REF! | AN41: =SUMIF(#REF!,Overview!U41,#REF!) -> #REF! | AO41: =SUMIF(#REF!,Overview!U41,#REF!) -> #REF! | AP41: =SUMIF(#REF!,Overview!U41,#REF!) -> #REF! | AQ41: =SUMIF(#REF!,Overview!U41,#REF!) -> #REF! | AR41: =SUMIF(#REF!,Overview!U41,#REF!) -> #REF! | AS41: =SUMIF(#REF!,Overview!U41,#REF!) -> #REF! | AT41: =AD41*$Z41*$C41/17 -> #REF! | AU41: =AE41*$Z41*$C41/17 -> #REF! | AV41: =AF41*$Z41*$C41/17 -> #REF! | AW41: =AG41*$Z41*$C41/17 -> #REF! | AX41: =AH41*$Z41*$C41/17 -> #REF! | AY41: =AI41*$Z41*$C41/17 -> #REF! | AZ41: =AJ41*$Z41*$C41/17 -> #REF! | BA41: =AK41*$Z41*$C41/17 -> #REF! | ... BI41: =AS41*$Z41*$C41/17 -> #REF! | BJ41: =AD41*$Z41*$D41/17 -> #REF! | BK41: =AE41*$Z41*$D41/17 -> #REF! | BL41: =AF41*$Z41*$D41/17 -> #REF! | BM41: =AG41*$Z41*$D41/17 -> #REF! | BN41: =AH41*$Z41*$D41/17 -> #REF! | BO41: =AI41*$Z41*$D41/17 -> #REF! | BP41: =AJ41*$Z41*$D41/17 -> #REF! | BQ41: =AK41*$Z41*$D41/17 -> #REF! | ... BY41: =AS41*$Z41*$D41/17 -> #REF! | BZ41: =AD41*$Z41*$E41/17 -> #REF! | CA41: =AE41*$Z41*$E41/17 -> #REF! | CB41: =AF41*$Z41*$E41/17 -> #REF! | CC41: =AG41*$Z41*$E41/17 -> #REF! | CD41: =AH41*$Z41*$E41/17 -> #REF! | CE41: =AI41*$Z41*$E41/17 -> #REF! | CF41: =AJ41*$Z41*$E41/17 -> #REF! | CG41: =AK41*$Z41*$E41/17 -> #REF! | ... CO41: =AS41*$Z41*$E41/17 -> #REF! | CP41: =SUMIF(#REF!,Overview!$U41,#REF!) -> #REF! | CQ41: =SUMIF(#REF!,Overview!$U41,#REF!) -> #REF! | CR41: =SUMIF(#REF!,Overview!$U41,#REF!) -> #REF! | CS41: =SUMIF(#REF!,Overview!$U41,#REF!) -> #REF! | CT41: =SUMIF(#REF!,Overview!$U41,#REF!) -> #REF! | CU41: =SUMIF(#REF!,Overview!$U41,#REF!) -> #REF! | CV41: =SUMIF(#REF!,Overview!$U41,#REF!) -> #REF! | CW41: =SUMIF(#REF!,Overview!$U41,#REF!) -> #REF! | ... DE41: =SUMIF(#REF!,Overview!$U41,#REF!) -> #REF!
A42: light_transport_ev | B42: Light EV transport | F42: 1520.1701 | G42: 74786.342 | H42: 74786.353 | I42: 74786.339 | J42: 69215.552 | K42: carculator_lci_car | L42: transport, car, battery electric, NMC-622 battery, Medium, 2050 | M42: 7f8cb436-78a0-11ee-8c7d-d6d8dd79958a | N42: CH | O42: 1.0 kilometer | P42: carrier_prod | Q42: light_transport | R42: Km over lifetime: 200000 [km] (ecoinvent) | S42: electricity supply for electric vehicles, 2050 (location : CH) | T42: You can find this in Premise directly probably | U42: transport, passenger car, battery electric, NMC-622 battery, Medium, Calliope | V42: 37761124c6e64906b4244f25210f3654 | W42: RER | X42: Abroad | Y42: km | AA42: 1000000 | AD42: =SUMIF(#REF!,Overview!U42,#REF!) -> #REF! | AE42: =SUMIF(#REF!,Overview!U42,#REF!) -> #REF! | AF42: =SUMIF(#REF!,Overview!U42,#REF!) -> #REF! | AG42: =SUMIF(#REF!,Overview!U42,#REF!) -> #REF! | AH42: =SUMIF(#REF!,Overview!U42,#REF!) -> #REF! | AI42: =SUMIF(#REF!,Overview!U42,#REF!) -> #REF! | AJ42: =SUMIF(#REF!,Overview!U42,#REF!) -> #REF! | AK42: =SUMIF(#REF!,Overview!U42,#REF!) -> #REF! | AL42: =SUMIF(#REF!,Overview!U42,#REF!) -> #REF! | AM42: =SUMIF(#REF!,Overview!U42,#REF!) -> #REF! | AN42: =SUMIF(#REF!,Overview!U42,#REF!) -> #REF! | AO42: =SUMIF(#REF!,Overview!U42,#REF!) -> #REF! | AP42: =SUMIF(#REF!,Overview!U42,#REF!) -> #REF! | AQ42: =SUMIF(#REF!,Overview!U42,#REF!) -> #REF! | AR42: =SUMIF(#REF!,Overview!U42,#REF!) -> #REF! | AS42: =SUMIF(#REF!,Overview!U42,#REF!) -> #REF! | AT42: =AD42*$AA42*$G42 -> #REF! | AU42: =AE42*$AA42*$G42 -> #REF! | AV42: =AF42*$AA42*$G42 -> #REF! | AW42: =AG42*$AA42*$G42 -> #REF! | AX42: =AH42*$AA42*$G42 -> #REF! | AY42: =AI42*$AA42*$G42 -> #REF! | AZ42: =AJ42*$AA42*$G42 -> #REF! | BA42: =AK42*$AA42*$G42 -> #REF! | ... BI42: =AS42*$AA42*$G42 -> #REF! | BJ42: =AD42*$AA42*$H42 -> #REF! | BK42: =AE42*$AA42*$H42 -> #REF! | BL42: =AF42*$AA42*$H42 -> #REF! | BM42: =AG42*$AA42*$H42 -> #REF! | BN42: =AH42*$AA42*$H42 -> #REF! | BO42: =AI42*$AA42*$H42 -> #REF! | BP42: =AJ42*$AA42*$H42 -> #REF! | BQ42: =AK42*$AA42*$H42 -> #REF! | ... BY42: =AS42*$AA42*$H42 -> #REF! | BZ42: =AD42*$AA42*$I42 -> #REF! | CA42: =AE42*$AA42*$I42 -> #REF! | CB42: =AF42*$AA42*$I42 -> #REF! | CC42: =AG42*$AA42*$I42 -> #REF! | CD42: =AH42*$AA42*$I42 -> #REF! | CE42: =AI42*$AA42*$I42 -> #REF! | CF42: =AJ42*$AA42*$I42 -> #REF! | CG42: =AK42*$AA42*$I42 -> #REF! | ... CO42: =AS42*$AA42*$I42 -> #REF! | CP42: =SUMIF(#REF!,Overview!$U42,#REF!) -> #REF! | CQ42: =SUMIF(#REF!,Overview!$U42,#REF!) -> #REF! | CR42: =SUMIF(#REF!,Overview!$U42,#REF!) -> #REF! | CS42: =SUMIF(#REF!,Overview!$U42,#REF!) -> #REF! | CT42: =SUMIF(#REF!,Overview!$U42,#REF!) -> #REF! | CU42: =SUMIF(#REF!,Overview!$U42,#REF!) -> #REF! | CV42: =SUMIF(#REF!,Overview!$U42,#REF!) -> #REF! | CW42: =SUMIF(#REF!,Overview!$U42,#REF!) -> #REF! | ... DE42: =SUMIF(#REF!,Overview!$U42,#REF!) -> #REF!
A43: light_transport_fcev | B43: Light FCEV transport | F43: 5780.964 | G43: 0.010870243 | H43: 0.0071315168 | I43: 0.031692762 | J43: 5570.0064 | K43: carculator_lci_car | L43: transport, car, fuel cell electric, Medium, 2050 | M43: 7f93af0c-78a0-11ee-8c7d-d6d8dd79958a | N43: CH | O43: 1.0 kilometer | P43: carrier_prod | Q43: light_transport | R43: Km over lifetime: 200000 [km] (ecoinvent) lifetime of 15 years | S43: fuel supply for hydrogen vehicles, 2050 (location : CH) | U43: transport, passenger car, fuel cell electric, Medium, Calliope | V43: 9093bc928e624ec094416832cb095e75 | W43: RER | X43: Abroad | Y43: km | AA43: 1000000 | AD43: =SUMIF(#REF!,Overview!U43,#REF!) -> #REF! | AE43: =SUMIF(#REF!,Overview!U43,#REF!) -> #REF! | AF43: =SUMIF(#REF!,Overview!U43,#REF!) -> #REF! | AG43: =SUMIF(#REF!,Overview!U43,#REF!) -> #REF! | AH43: =SUMIF(#REF!,Overview!U43,#REF!) -> #REF! | AI43: =SUMIF(#REF!,Overview!U43,#REF!) -> #REF! | AJ43: =SUMIF(#REF!,Overview!U43,#REF!) -> #REF! | AK43: =SUMIF(#REF!,Overview!U43,#REF!) -> #REF! | AL43: =SUMIF(#REF!,Overview!U43,#REF!) -> #REF! | AM43: =SUMIF(#REF!,Overview!U43,#REF!) -> #REF! | AN43: =SUMIF(#REF!,Overview!U43,#REF!) -> #REF! | AO43: =SUMIF(#REF!,Overview!U43,#REF!) -> #REF! | AP43: =SUMIF(#REF!,Overview!U43,#REF!) -> #REF! | AQ43: =SUMIF(#REF!,Overview!U43,#REF!) -> #REF! | AR43: =SUMIF(#REF!,Overview!U43,#REF!) -> #REF! | AS43: =SUMIF(#REF!,Overview!U43,#REF!) -> #REF! | AT43: =AD43*$AA43*$G43 -> #REF! | AU43: =AE43*$AA43*$G43 -> #REF! | AV43: =AF43*$AA43*$G43 -> #REF! | AW43: =AG43*$AA43*$G43 -> #REF! | AX43: =AH43*$AA43*$G43 -> #REF! | AY43: =AI43*$AA43*$G43 -> #REF! | AZ43: =AJ43*$AA43*$G43 -> #REF! | BA43: =AK43*$AA43*$G43 -> #REF! | ... BI43: =AS43*$AA43*$G43 -> #REF! | BJ43: =AD43*$AA43*$H43 -> #REF! | BK43: =AE43*$AA43*$H43 -> #REF! | BL43: =AF43*$AA43*$H43 -> #REF! | BM43: =AG43*$AA43*$H43 -> #REF! | BN43: =AH43*$AA43*$H43 -> #REF! | BO43: =AI43*$AA43*$H43 -> #REF! | BP43: =AJ43*$AA43*$H43 -> #REF! | BQ43: =AK43*$AA43*$H43 -> #REF! | ... BY43: =AS43*$AA43*$H43 -> #REF! | BZ43: =AD43*$AA43*$I43 -> #REF! | CA43: =AE43*$AA43*$I43 -> #REF! | CB43: =AF43*$AA43*$I43 -> #REF! | CC43: =AG43*$AA43*$I43 -> #REF! | CD43: =AH43*$AA43*$I43 -> #REF! | CE43: =AI43*$AA43*$I43 -> #REF! | CF43: =AJ43*$AA43*$I43 -> #REF! | CG43: =AK43*$AA43*$I43 -> #REF! | ... CO43: =AS43*$AA43*$I43 -> #REF! | CP43: =SUMIF(#REF!,Overview!$U43,#REF!) -> #REF! | CQ43: =SUMIF(#REF!,Overview!$U43,#REF!) -> #REF! | CR43: =SUMIF(#REF!,Overview!$U43,#REF!) -> #REF! | CS43: =SUMIF(#REF!,Overview!$U43,#REF!) -> #REF! | CT43: =SUMIF(#REF!,Overview!$U43,#REF!) -> #REF! | CU43: =SUMIF(#REF!,Overview!$U43,#REF!) -> #REF! | CV43: =SUMIF(#REF!,Overview!$U43,#REF!) -> #REF! | CW43: =SUMIF(#REF!,Overview!$U43,#REF!) -> #REF! | ... DE43: =SUMIF(#REF!,Overview!$U43,#REF!) -> #REF!
A44: light_transport_ice | B44: Light ICE transport | F44: 11560.577 | G44: 0.028139015 | H44: 0.017447866 | I44: 0.021608224 | J44: 0.87597228 | K44: carculator_lci_car | L44: transport, car, diesel, Medium, 2050, Euro-7 | M44: 7fac436e-78a0-11ee-8c7d-d6d8dd79958a | N44: CH | O44: 1.0 kilometer | P44: carrier_prod | Q44: light_transport | R44: Km over lifetime: 200000 [km] (ecoinvent) | S44: fuel supply for diesel vehicles, 2050 (location : CH) | U44: transport, passenger car, diesel, Medium, EURO-6, Calliope | V44: 9c97c23e67604be1ad73767a133e8886 | W44: RER | X44: Abroad | Y44: km | AA44: 1000000 | AD44: =SUMIF(#REF!,Overview!U44,#REF!) -> #REF! | AE44: =SUMIF(#REF!,Overview!U44,#REF!) -> #REF! | AF44: =SUMIF(#REF!,Overview!U44,#REF!) -> #REF! | AG44: =SUMIF(#REF!,Overview!U44,#REF!) -> #REF! | AH44: =SUMIF(#REF!,Overview!U44,#REF!) -> #REF! | AI44: =SUMIF(#REF!,Overview!U44,#REF!) -> #REF! | AJ44: =SUMIF(#REF!,Overview!U44,#REF!) -> #REF! | AK44: =SUMIF(#REF!,Overview!U44,#REF!) -> #REF! | AL44: =SUMIF(#REF!,Overview!U44,#REF!) -> #REF! | AM44: =SUMIF(#REF!,Overview!U44,#REF!) -> #REF! | AN44: =SUMIF(#REF!,Overview!U44,#REF!) -> #REF! | AO44: =SUMIF(#REF!,Overview!U44,#REF!) -> #REF! | AP44: =SUMIF(#REF!,Overview!U44,#REF!) -> #REF! | AQ44: =SUMIF(#REF!,Overview!U44,#REF!) -> #REF! | AR44: =SUMIF(#REF!,Overview!U44,#REF!) -> #REF! | AS44: =SUMIF(#REF!,Overview!U44,#REF!) -> #REF! | AT44: =AD44*$AA44*$G44 -> #REF! | AU44: =AE44*$AA44*$G44 -> #REF! | AV44: =AF44*$AA44*$G44 -> #REF! | AW44: =AG44*$AA44*$G44 -> #REF! | AX44: =AH44*$AA44*$G44 -> #REF! | AY44: =AI44*$AA44*$G44 -> #REF! | AZ44: =AJ44*$AA44*$G44 -> #REF! | BA44: =AK44*$AA44*$G44 -> #REF! | ... BI44: =AS44*$AA44*$G44 -> #REF! | BJ44: =AD44*$AA44*$H44 -> #REF! | BK44: =AE44*$AA44*$H44 -> #REF! | BL44: =AF44*$AA44*$H44 -> #REF! | BM44: =AG44*$AA44*$H44 -> #REF! | BN44: =AH44*$AA44*$H44 -> #REF! | BO44: =AI44*$AA44*$H44 -> #REF! | BP44: =AJ44*$AA44*$H44 -> #REF! | BQ44: =AK44*$AA44*$H44 -> #REF! | ... BY44: =AS44*$AA44*$H44 -> #REF! | BZ44: =AD44*$AA44*$I44 -> #REF! | CA44: =AE44*$AA44*$I44 -> #REF! | CB44: =AF44*$AA44*$I44 -> #REF! | CC44: =AG44*$AA44*$I44 -> #REF! | CD44: =AH44*$AA44*$I44 -> #REF! | CE44: =AI44*$AA44*$I44 -> #REF! | CF44: =AJ44*$AA44*$I44 -> #REF! | CG44: =AK44*$AA44*$I44 -> #REF! | ... CO44: =AS44*$AA44*$I44 -> #REF! | CP44: =SUMIF(#REF!,Overview!$U44,#REF!) -> #REF! | CQ44: =SUMIF(#REF!,Overview!$U44,#REF!) -> #REF! | CR44: =SUMIF(#REF!,Overview!$U44,#REF!) -> #REF! | CS44: =SUMIF(#REF!,Overview!$U44,#REF!) -> #REF! | CT44: =SUMIF(#REF!,Overview!$U44,#REF!) -> #REF! | CU44: =SUMIF(#REF!,Overview!$U44,#REF!) -> #REF! | CV44: =SUMIF(#REF!,Overview!$U44,#REF!) -> #REF! | CW44: =SUMIF(#REF!,Overview!$U44,#REF!) -> #REF! | ... DE44: =SUMIF(#REF!,Overview!$U44,#REF!) -> #REF!
A45: open_field_pv | B45: Openfield PV | C45: 0 | D45: 0 | E45: 0 | F45: 0 | G45: 0 | H45: 0 | I45: 0 | J45: 0 | K45: ecoinvent 3.9.1 | L45: photovoltaic plant construction, 570kWp, multi-Si, on open ground | M45: dd4d42d589bca7d70054377b760d5dca | N45: GLO | O45: 1.0 unit of 570kWp | P45: energy_cap | Q45: electricity | R45: lifetime of 30 years, annual electricity produced: 847.5 MWh (ecoinvent) | S45: - | T45: - | U45: photovoltaic plant construction, 570kWp, multi-Si, on open ground | V45: dd4d42d589bca7d70054377b760d5dca | W45: GLO | X45: Abroad | Y45: unit of 570kWp | Z45: =1000000/570 -> 1754.386 | AD45: =SUMIF(#REF!,Overview!U45,#REF!) -> #REF! | AE45: =SUMIF(#REF!,Overview!U45,#REF!) -> #REF! | AF45: =SUMIF(#REF!,Overview!U45,#REF!) -> #REF! | AG45: =SUMIF(#REF!,Overview!U45,#REF!) -> #REF! | AH45: =SUMIF(#REF!,Overview!U45,#REF!) -> #REF! | AI45: =SUMIF(#REF!,Overview!U45,#REF!) -> #REF! | AJ45: =SUMIF(#REF!,Overview!U45,#REF!) -> #REF! | AK45: =SUMIF(#REF!,Overview!U45,#REF!) -> #REF! | AL45: =SUMIF(#REF!,Overview!U45,#REF!) -> #REF! | AM45: =SUMIF(#REF!,Overview!U45,#REF!) -> #REF! | AN45: =SUMIF(#REF!,Overview!U45,#REF!) -> #REF! | AO45: =SUMIF(#REF!,Overview!U45,#REF!) -> #REF! | AP45: =SUMIF(#REF!,Overview!U45,#REF!) -> #REF! | AQ45: =SUMIF(#REF!,Overview!U45,#REF!) -> #REF! | AR45: =SUMIF(#REF!,Overview!U45,#REF!) -> #REF! | AS45: =SUMIF(#REF!,Overview!U45,#REF!) -> #REF! | AT45: =AD45*$Z45*$C45/30 -> #REF! | AU45: =AE45*$Z45*$C45/30 -> #REF! | AV45: =AF45*$Z45*$C45/30 -> #REF! | AW45: =AG45*$Z45*$C45/30 -> #REF! | AX45: =AH45*$Z45*$C45/30 -> #REF! | AY45: =AI45*$Z45*$C45/30 -> #REF! | AZ45: =AJ45*$Z45*$C45/30 -> #REF! | BA45: =AK45*$Z45*$C45/30 -> #REF! | ... BI45: =AS45*$Z45*$C45/30 -> #REF! | BJ45: =AD45*$Z45*$D45/30 -> #REF! | BK45: =AE45*$Z45*$D45/30 -> #REF! | BL45: =AF45*$Z45*$D45/30 -> #REF! | BM45: =AG45*$Z45*$D45/30 -> #REF! | BN45: =AH45*$Z45*$D45/30 -> #REF! | BO45: =AI45*$Z45*$D45/30 -> #REF! | BP45: =AJ45*$Z45*$D45/30 -> #REF! | BQ45: =AK45*$Z45*$D45/30 -> #REF! | ... BY45: =AS45*$Z45*$D45/30 -> #REF! | BZ45: =AD45*$Z45*$E45/30 -> #REF! | CA45: =AE45*$Z45*$E45/30 -> #REF! | CB45: =AF45*$Z45*$E45/30 -> #REF! | CC45: =AG45*$Z45*$E45/30 -> #REF! | CD45: =AH45*$Z45*$E45/30 -> #REF! | CE45: =AI45*$Z45*$E45/30 -> #REF! | CF45: =AJ45*$Z45*$E45/30 -> #REF! | CG45: =AK45*$Z45*$E45/30 -> #REF! | ... CO45: =AS45*$Z45*$E45/30 -> #REF! | CP45: =SUMIF(#REF!,Overview!$U45,#REF!) -> #REF! | CQ45: =SUMIF(#REF!,Overview!$U45,#REF!) -> #REF! | CR45: =SUMIF(#REF!,Overview!$U45,#REF!) -> #REF! | CS45: =SUMIF(#REF!,Overview!$U45,#REF!) -> #REF! | CT45: =SUMIF(#REF!,Overview!$U45,#REF!) -> #REF! | CU45: =SUMIF(#REF!,Overview!$U45,#REF!) -> #REF! | CV45: =SUMIF(#REF!,Overview!$U45,#REF!) -> #REF! | CW45: =SUMIF(#REF!,Overview!$U45,#REF!) -> #REF! | ... DE45: =SUMIF(#REF!,Overview!$U45,#REF!) -> #REF!
A46: pumped_hydro | B46: Pumped Hydro | C46: 5.12205 | D46: 5.12205 | E46: 5.12205 | F46: 5.12205 | G46: 5666.0329 | H46: 7919.3834 | I46: 6721.676 | J46: 6087.0872 | K46: ecoinvent 3.9.1 | L46: electricity production, hydro, pumped storage | M46: 35c183e9e78aa90414936a15710a6cd8 | N46: CH | O46: 1.0 kilowatt hour | P46: carrier_prod | Q46: electricity | R46: Lifetime is assumed to be 150 years for the dam and 80 years for the rest of materials (ecoinvent) | S46: hydropower plant construction, reservoir, alpine region (location : RER) | hydropower plant construction, reservoir, non-alpine regions (location : RER) | market for electricity, high voltage (location : CH) | T46: - | U46: electricity production, hydro, pumped storage, Calliope | V46: 35c183e9e78aa90414936a15710a6cd8 | W46: CH | X46: CH | Y46: kWh | Z46: 1000000 | AD46: =SUMIF(#REF!,Overview!U46,#REF!) -> #REF! | AE46: =SUMIF(#REF!,Overview!U46,#REF!) -> #REF! | AF46: =SUMIF(#REF!,Overview!U46,#REF!) -> #REF! | AG46: =SUMIF(#REF!,Overview!U46,#REF!) -> #REF! | AH46: =SUMIF(#REF!,Overview!U46,#REF!) -> #REF! | AI46: =SUMIF(#REF!,Overview!U46,#REF!) -> #REF! | AJ46: =SUMIF(#REF!,Overview!U46,#REF!) -> #REF! | AK46: =SUMIF(#REF!,Overview!U46,#REF!) -> #REF! | AL46: =SUMIF(#REF!,Overview!U46,#REF!) -> #REF! | AM46: =SUMIF(#REF!,Overview!U46,#REF!) -> #REF! | AN46: =SUMIF(#REF!,Overview!U46,#REF!) -> #REF! | AO46: =SUMIF(#REF!,Overview!U46,#REF!) -> #REF! | AP46: =SUMIF(#REF!,Overview!U46,#REF!) -> #REF! | AQ46: =SUMIF(#REF!,Overview!U46,#REF!) -> #REF! | AR46: =SUMIF(#REF!,Overview!U46,#REF!) -> #REF! | AS46: =SUMIF(#REF!,Overview!U46,#REF!) -> #REF! | AT46: =AD46*$Z46*$G46 -> #REF! | AU46: =AE46*$Z46*$G46 -> #REF! | AV46: =AF46*$Z46*$G46 -> #REF! | AW46: =AG46*$Z46*$G46 -> #REF! | AX46: =AH46*$Z46*$G46 -> #REF! | AY46: =AI46*$Z46*$G46 -> #REF! | AZ46: =AJ46*$Z46*$G46 -> #REF! | BA46: =AK46*$Z46*$G46 -> #REF! | ... BI46: =AS46*$Z46*$G46 -> #REF! | BJ46: =AD46*$Z46*$H46 -> #REF! | BK46: =AE46*$Z46*$H46 -> #REF! | BL46: =AF46*$Z46*$H46 -> #REF! | BM46: =AG46*$Z46*$H46 -> #REF! | BN46: =AH46*$Z46*$H46 -> #REF! | BO46: =AI46*$Z46*$H46 -> #REF! | BP46: =AJ46*$Z46*$H46 -> #REF! | BQ46: =AK46*$Z46*$H46 -> #REF! | ... BY46: =AS46*$Z46*$H46 -> #REF! | BZ46: =AD46*$Z46*$I46 -> #REF! | CA46: =AE46*$Z46*$I46 -> #REF! | CB46: =AF46*$Z46*$I46 -> #REF! | CC46: =AG46*$Z46*$I46 -> #REF! | CD46: =AH46*$Z46*$I46 -> #REF! | CE46: =AI46*$Z46*$I46 -> #REF! | CF46: =AJ46*$Z46*$I46 -> #REF! | CG46: =AK46*$Z46*$I46 -> #REF! | ... CO46: =AS46*$Z46*$I46 -> #REF! | CP46: =SUMIF(#REF!,Overview!$U46,#REF!) -> #REF! | CQ46: =SUMIF(#REF!,Overview!$U46,#REF!) -> #REF! | CR46: =SUMIF(#REF!,Overview!$U46,#REF!) -> #REF! | CS46: =SUMIF(#REF!,Overview!$U46,#REF!) -> #REF! | CT46: =SUMIF(#REF!,Overview!$U46,#REF!) -> #REF! | CU46: =SUMIF(#REF!,Overview!$U46,#REF!) -> #REF! | CV46: =SUMIF(#REF!,Overview!$U46,#REF!) -> #REF! | CW46: =SUMIF(#REF!,Overview!$U46,#REF!) -> #REF! | ... DE46: =SUMIF(#REF!,Overview!$U46,#REF!) -> #REF!
A47: roof_mounted_pv | B47: Roof PV | C47: 37.511653 | D47: 33.760486 | E47: 33.760486 | F47: 37.511651 | G47: 33609.654 | H47: 30218.789 | I47: 30248.623 | J47: 33609.104 | K47: ecoinvent 3.9.1 | L47: photovoltaic slanted-roof installation, 3kWp, multi-Si, panel, mounted, on roof | M47: 470225b0cd6a9ce42ed0ca5ecd7f5c4a | N47: CH | O47: 1.0 unit of 3kWp | P47: energy_cap | Q47: electricity | R47: lifetime of 30 years (ecoinvent) | S47: - | T47: - | U47: photovoltaic slanted-roof installation, 3kWp, multi-Si, panel, mounted, on roof | V47: 470225b0cd6a9ce42ed0ca5ecd7f5c4a | W47: CH | X47: Abroad | Y47: unit of 3kWp | Z47: =1000000/3 -> 333333.33 | AD47: =SUMIF(#REF!,Overview!U47,#REF!) -> #REF! | AE47: =SUMIF(#REF!,Overview!U47,#REF!) -> #REF! | AF47: =SUMIF(#REF!,Overview!U47,#REF!) -> #REF! | AG47: =SUMIF(#REF!,Overview!U47,#REF!) -> #REF! | AH47: =SUMIF(#REF!,Overview!U47,#REF!) -> #REF! | AI47: =SUMIF(#REF!,Overview!U47,#REF!) -> #REF! | AJ47: =SUMIF(#REF!,Overview!U47,#REF!) -> #REF! | AK47: =SUMIF(#REF!,Overview!U47,#REF!) -> #REF! | AL47: =SUMIF(#REF!,Overview!U47,#REF!) -> #REF! | AM47: =SUMIF(#REF!,Overview!U47,#REF!) -> #REF! | AN47: =SUMIF(#REF!,Overview!U47,#REF!) -> #REF! | AO47: =SUMIF(#REF!,Overview!U47,#REF!) -> #REF! | AP47: =SUMIF(#REF!,Overview!U47,#REF!) -> #REF! | AQ47: =SUMIF(#REF!,Overview!U47,#REF!) -> #REF! | AR47: =SUMIF(#REF!,Overview!U47,#REF!) -> #REF! | AS47: =SUMIF(#REF!,Overview!U47,#REF!) -> #REF! | AT47: =AD47*$Z47*$C47/30 -> #REF! | AU47: =AE47*$Z47*$C47/30 -> #REF! | AV47: =AF47*$Z47*$C47/30 -> #REF! | AW47: =AG47*$Z47*$C47/30 -> #REF! | AX47: =AH47*$Z47*$C47/30 -> #REF! | AY47: =AI47*$Z47*$C47/30 -> #REF! | AZ47: =AJ47*$Z47*$C47/30 -> #REF! | BA47: =AK47*$Z47*$C47/30 -> #REF! | ... BI47: =AS47*$Z47*$C47/30 -> #REF! | BJ47: =AD47*$Z47*$D47/30 -> #REF! | BK47: =AE47*$Z47*$D47/30 -> #REF! | BL47: =AF47*$Z47*$D47/30 -> #REF! | BM47: =AG47*$Z47*$D47/30 -> #REF! | BN47: =AH47*$Z47*$D47/30 -> #REF! | BO47: =AI47*$Z47*$D47/30 -> #REF! | BP47: =AJ47*$Z47*$D47/30 -> #REF! | BQ47: =AK47*$Z47*$D47/30 -> #REF! | ... BY47: =AS47*$Z47*$D47/30 -> #REF! | BZ47: =AD47*$Z47*$E47/30 -> #REF! | CA47: =AE47*$Z47*$E47/30 -> #REF! | CB47: =AF47*$Z47*$E47/30 -> #REF! | CC47: =AG47*$Z47*$E47/30 -> #REF! | CD47: =AH47*$Z47*$E47/30 -> #REF! | CE47: =AI47*$Z47*$E47/30 -> #REF! | CF47: =AJ47*$Z47*$E47/30 -> #REF! | CG47: =AK47*$Z47*$E47/30 -> #REF! | ... CO47: =AS47*$Z47*$E47/30 -> #REF! | CP47: =SUMIF(#REF!,Overview!$U47,#REF!) -> #REF! | CQ47: =SUMIF(#REF!,Overview!$U47,#REF!) -> #REF! | CR47: =SUMIF(#REF!,Overview!$U47,#REF!) -> #REF! | CS47: =SUMIF(#REF!,Overview!$U47,#REF!) -> #REF! | CT47: =SUMIF(#REF!,Overview!$U47,#REF!) -> #REF! | CU47: =SUMIF(#REF!,Overview!$U47,#REF!) -> #REF! | CV47: =SUMIF(#REF!,Overview!$U47,#REF!) -> #REF! | CW47: =SUMIF(#REF!,Overview!$U47,#REF!) -> #REF! | ... DE47: =SUMIF(#REF!,Overview!$U47,#REF!) -> #REF!
A48: scgt_natgas | B48: Natural Gas SCGT | D48: 0 | H48: 1.3820378e-05 | K48: ecoinvent 3.9.1 | L48: gas turbine construction, 10MW electrical | M48: baf9b994363d1c7d77400d184589bd3b | N48: RER | O48: 1.0 unit of 10MW electrical | P48: energy_cap | Q48: electricity | R48: lifetime of 25 years | S48: - | T48: - | U48: gas turbine construction, 10MW electrical | V48: baf9b994363d1c7d77400d184589bd3b | W48: RER | X48: CH | Y48: unit of 10MW | Z48: =100 -> 100 | AD48: =SUMIF(#REF!,Overview!U48,#REF!) -> #REF! | AE48: =SUMIF(#REF!,Overview!U48,#REF!) -> #REF! | AF48: =SUMIF(#REF!,Overview!U48,#REF!) -> #REF! | AG48: =SUMIF(#REF!,Overview!U48,#REF!) -> #REF! | AH48: =SUMIF(#REF!,Overview!U48,#REF!) -> #REF! | AI48: =SUMIF(#REF!,Overview!U48,#REF!) -> #REF! | AJ48: =SUMIF(#REF!,Overview!U48,#REF!) -> #REF! | AK48: =SUMIF(#REF!,Overview!U48,#REF!) -> #REF! | AL48: =SUMIF(#REF!,Overview!U48,#REF!) -> #REF! | AM48: =SUMIF(#REF!,Overview!U48,#REF!) -> #REF! | AN48: =SUMIF(#REF!,Overview!U48,#REF!) -> #REF! | AO48: =SUMIF(#REF!,Overview!U48,#REF!) -> #REF! | AP48: =SUMIF(#REF!,Overview!U48,#REF!) -> #REF! | AQ48: =SUMIF(#REF!,Overview!U48,#REF!) -> #REF! | AR48: =SUMIF(#REF!,Overview!U48,#REF!) -> #REF! | AS48: =SUMIF(#REF!,Overview!U48,#REF!) -> #REF! | AT48: =AD48*$Z48*$C48/25 -> #REF! | AU48: =AE48*$Z48*$C48/25 -> #REF! | AV48: =AF48*$Z48*$C48/25 -> #REF! | AW48: =AG48*$Z48*$C48/25 -> #REF! | AX48: =AH48*$Z48*$C48/25 -> #REF! | AY48: =AI48*$Z48*$C48/25 -> #REF! | AZ48: =AJ48*$Z48*$C48/25 -> #REF! | BA48: =AK48*$Z48*$C48/25 -> #REF! | ... BI48: =AS48*$Z48*$C48/25 -> #REF! | BJ48: =AD48*$Z48*$D48/25 -> #REF! | BK48: =AE48*$Z48*$D48/25 -> #REF! | BL48: =AF48*$Z48*$D48/25 -> #REF! | BM48: =AG48*$Z48*$D48/25 -> #REF! | BN48: =AH48*$Z48*$D48/25 -> #REF! | BO48: =AI48*$Z48*$D48/25 -> #REF! | BP48: =AJ48*$Z48*$D48/25 -> #REF! | BQ48: =AK48*$Z48*$D48/25 -> #REF! | ... BY48: =AS48*$Z48*$D48/25 -> #REF! | BZ48: =AD48*$Z48*$E48/25 -> #REF! | CA48: =AE48*$Z48*$E48/25 -> #REF! | CB48: =AF48*$Z48*$E48/25 -> #REF! | CC48: =AG48*$Z48*$E48/25 -> #REF! | CD48: =AH48*$Z48*$E48/25 -> #REF! | CE48: =AI48*$Z48*$E48/25 -> #REF! | CF48: =AJ48*$Z48*$E48/25 -> #REF! | CG48: =AK48*$Z48*$E48/25 -> #REF! | ... CO48: =AS48*$Z48*$E48/25 -> #REF! | CP48: =SUMIF(#REF!,Overview!$U48,#REF!) -> #REF! | CQ48: =SUMIF(#REF!,Overview!$U48,#REF!) -> #REF! | CR48: =SUMIF(#REF!,Overview!$U48,#REF!) -> #REF! | CS48: =SUMIF(#REF!,Overview!$U48,#REF!) -> #REF! | CT48: =SUMIF(#REF!,Overview!$U48,#REF!) -> #REF! | CU48: =SUMIF(#REF!,Overview!$U48,#REF!) -> #REF! | CV48: =SUMIF(#REF!,Overview!$U48,#REF!) -> #REF! | CW48: =SUMIF(#REF!,Overview!$U48,#REF!) -> #REF! | ... DE48: =SUMIF(#REF!,Overview!$U48,#REF!) -> #REF!
A49: scgt_renewable | B49: Methane SCGT | D49: 0 | E49: 2.5166222e-06 | H49: 9.4667738e-07 | I49: 6.2090254e-05 | K49: ecoinvent 3.9.1 | L49: gas turbine construction, 10MW electrical | M49: baf9b994363d1c7d77400d184589bd3b | N49: RER | O49: 1.0 unit of 10MW electrical | P49: energy_cap | Q49: electricity | R49: lifetime of 25 years | S49: - | T49: - | U49: gas turbine construction, 10MW electrical | V49: baf9b994363d1c7d77400d184589bd3b | W49: RER | X49: CH | Y49: unit of 10MW | Z49: =100 -> 100 | AD49: =SUMIF(#REF!,Overview!U49,#REF!) -> #REF! | AE49: =SUMIF(#REF!,Overview!U49,#REF!) -> #REF! | AF49: =SUMIF(#REF!,Overview!U49,#REF!) -> #REF! | AG49: =SUMIF(#REF!,Overview!U49,#REF!) -> #REF! | AH49: =SUMIF(#REF!,Overview!U49,#REF!) -> #REF! | AI49: =SUMIF(#REF!,Overview!U49,#REF!) -> #REF! | AJ49: =SUMIF(#REF!,Overview!U49,#REF!) -> #REF! | AK49: =SUMIF(#REF!,Overview!U49,#REF!) -> #REF! | AL49: =SUMIF(#REF!,Overview!U49,#REF!) -> #REF! | AM49: =SUMIF(#REF!,Overview!U49,#REF!) -> #REF! | AN49: =SUMIF(#REF!,Overview!U49,#REF!) -> #REF! | AO49: =SUMIF(#REF!,Overview!U49,#REF!) -> #REF! | AP49: =SUMIF(#REF!,Overview!U49,#REF!) -> #REF! | AQ49: =SUMIF(#REF!,Overview!U49,#REF!) -> #REF! | AR49: =SUMIF(#REF!,Overview!U49,#REF!) -> #REF! | AS49: =SUMIF(#REF!,Overview!U49,#REF!) -> #REF! | AT49: =AD49*$Z49*$C49/25 -> #REF! | AU49: =AE49*$Z49*$C49/25 -> #REF! | AV49: =AF49*$Z49*$C49/25 -> #REF! | AW49: =AG49*$Z49*$C49/25 -> #REF! | AX49: =AH49*$Z49*$C49/25 -> #REF! | AY49: =AI49*$Z49*$C49/25 -> #REF! | AZ49: =AJ49*$Z49*$C49/25 -> #REF! | BA49: =AK49*$Z49*$C49/25 -> #REF! | ... BI49: =AS49*$Z49*$C49/25 -> #REF! | BJ49: =AD49*$Z49*$D49/25 -> #REF! | BK49: =AE49*$Z49*$D49/25 -> #REF! | BL49: =AF49*$Z49*$D49/25 -> #REF! | BM49: =AG49*$Z49*$D49/25 -> #REF! | BN49: =AH49*$Z49*$D49/25 -> #REF! | BO49: =AI49*$Z49*$D49/25 -> #REF! | BP49: =AJ49*$Z49*$D49/25 -> #REF! | BQ49: =AK49*$Z49*$D49/25 -> #REF! | ... BY49: =AS49*$Z49*$D49/25 -> #REF! | BZ49: =AD49*$Z49*$E49/25 -> #REF! | CA49: =AE49*$Z49*$E49/25 -> #REF! | CB49: =AF49*$Z49*$E49/25 -> #REF! | CC49: =AG49*$Z49*$E49/25 -> #REF! | CD49: =AH49*$Z49*$E49/25 -> #REF! | CE49: =AI49*$Z49*$E49/25 -> #REF! | CF49: =AJ49*$Z49*$E49/25 -> #REF! | CG49: =AK49*$Z49*$E49/25 -> #REF! | ... CO49: =AS49*$Z49*$E49/25 -> #REF! | CP49: =SUMIF(#REF!,Overview!$U49,#REF!) -> #REF! | CQ49: =SUMIF(#REF!,Overview!$U49,#REF!) -> #REF! | CR49: =SUMIF(#REF!,Overview!$U49,#REF!) -> #REF! | CS49: =SUMIF(#REF!,Overview!$U49,#REF!) -> #REF! | CT49: =SUMIF(#REF!,Overview!$U49,#REF!) -> #REF! | CU49: =SUMIF(#REF!,Overview!$U49,#REF!) -> #REF! | CV49: =SUMIF(#REF!,Overview!$U49,#REF!) -> #REF! | CW49: =SUMIF(#REF!,Overview!$U49,#REF!) -> #REF! | ... DE49: =SUMIF(#REF!,Overview!$U49,#REF!) -> #REF!
A50: wind_onshore_monopoly | B50: Wind Onshore Turbine | C50: 2.2227404 | D50: 3.6681612 | E50: 4.4454793 | F50: 2.222739 | G50: 4037.3864 | H50: 7319.5828 | I50: 8040.2881 | J50: 4116.9968 | K50: ecoinvent 3.9.1 | L50: wind turbine construction, 2MW, onshore | M50: 76b7480122cbecd22de2a62e5e03e298 | N50: GLO | O50: 1.0 unit of 2MW | P50: energy_cap | Q50: electricity | R50: Couple both to make 1 wind turbine of 2 MW Turbine: lifetime of 30 years, (ecoinvent) connection: lifetime of 20 years (ecoinvent) | S50: - | T50: Here you can probably find a single technology in Premise instead of having to couple 2 of them | U50: electricity production, wind, 1-3MW turbine, onshore | V50: f0b54757c94de6016bf466af613c215b | W50: CH | X50: Abroad | Y50: kWh | Z50: =1000/2 -> 500 | AD50: =SUMIF(#REF!,Overview!U50,#REF!) -> #REF! | AE50: =SUMIF(#REF!,Overview!U50,#REF!) -> #REF! | AF50: =SUMIF(#REF!,Overview!U50,#REF!) -> #REF! | AG50: =SUMIF(#REF!,Overview!U50,#REF!) -> #REF! | AH50: =SUMIF(#REF!,Overview!U50,#REF!) -> #REF! | AI50: =SUMIF(#REF!,Overview!U50,#REF!) -> #REF! | AJ50: =SUMIF(#REF!,Overview!U50,#REF!) -> #REF! | AK50: =SUMIF(#REF!,Overview!U50,#REF!) -> #REF! | AL50: =SUMIF(#REF!,Overview!U50,#REF!) -> #REF! | AM50: =SUMIF(#REF!,Overview!U50,#REF!) -> #REF! | AN50: =SUMIF(#REF!,Overview!U50,#REF!) -> #REF! | AO50: =SUMIF(#REF!,Overview!U50,#REF!) -> #REF! | AP50: =SUMIF(#REF!,Overview!U50,#REF!) -> #REF! | AQ50: =SUMIF(#REF!,Overview!U50,#REF!) -> #REF! | AR50: =SUMIF(#REF!,Overview!U50,#REF!) -> #REF! | AS50: =SUMIF(#REF!,Overview!U50,#REF!) -> #REF! | AT50: =AD50*$Z50*$C50/25 -> #REF! | AU50: =AE50*$Z50*$C50/25 -> #REF! | AV50: =AF50*$Z50*$C50/25 -> #REF! | AW50: =AG50*$Z50*$C50/25 -> #REF! | AX50: =AH50*$Z50*$C50/25 -> #REF! | AY50: =AI50*$Z50*$C50/25 -> #REF! | AZ50: =AJ50*$Z50*$C50/25 -> #REF! | BA50: =AK50*$Z50*$C50/25 -> #REF! | ... BI50: =AS50*$Z50*$C50/25 -> #REF! | BJ50: =AD50*$Z50*$D50/25 -> #REF! | BK50: =AE50*$Z50*$D50/25 -> #REF! | BL50: =AF50*$Z50*$D50/25 -> #REF! | BM50: =AG50*$Z50*$D50/25 -> #REF! | BN50: =AH50*$Z50*$D50/25 -> #REF! | BO50: =AI50*$Z50*$D50/25 -> #REF! | BP50: =AJ50*$Z50*$D50/25 -> #REF! | BQ50: =AK50*$Z50*$D50/25 -> #REF! | ... BY50: =AS50*$Z50*$D50/25 -> #REF! | BZ50: =AD50*$Z50*$E50/25 -> #REF! | CA50: =AE50*$Z50*$E50/25 -> #REF! | CB50: =AF50*$Z50*$E50/25 -> #REF! | CC50: =AG50*$Z50*$E50/25 -> #REF! | CD50: =AH50*$Z50*$E50/25 -> #REF! | CE50: =AI50*$Z50*$E50/25 -> #REF! | CF50: =AJ50*$Z50*$E50/25 -> #REF! | CG50: =AK50*$Z50*$E50/25 -> #REF! | ... CO50: =AS50*$Z50*$E50/25 -> #REF! | CP50: =SUMIF(#REF!,Overview!$U50,#REF!) -> #REF! | CQ50: =SUMIF(#REF!,Overview!$U50,#REF!) -> #REF! | CR50: =SUMIF(#REF!,Overview!$U50,#REF!) -> #REF! | CS50: =SUMIF(#REF!,Overview!$U50,#REF!) -> #REF! | CT50: =SUMIF(#REF!,Overview!$U50,#REF!) -> #REF! | CU50: =SUMIF(#REF!,Overview!$U50,#REF!) -> #REF! | CV50: =SUMIF(#REF!,Overview!$U50,#REF!) -> #REF! | CW50: =SUMIF(#REF!,Overview!$U50,#REF!) -> #REF! | ... DE50: =SUMIF(#REF!,Overview!$U50,#REF!) -> #REF!
A51: wind_onshore_monopoly | B51: Wind Onshore Connection | C51: 2.2227404 | D51: 3.6681612 | E51: 4.4454793 | F51: 2.222739 | G51: 4037.3864 | H51: 7319.5828 | I51: 8040.2881 | J51: 4116.9968 | K51: ecoinvent 3.9.1 | L51: wind turbine network connection construction, 2MW, onshore | M51: 858981bbf56e4114b1798300b34b5b93 | N51: RoW | O51: 1.0 unit of 2MW | P51: energy_cap | Q51: electricity | S51: - | AK51: =SUMIF(#REF!,Overview!U51,#REF!) -> #REF! | AL51: =SUMIF(#REF!,Overview!U51,#REF!) -> #REF! | CP51: =SUMIF(#REF!,Overview!$U51,#REF!) -> #REF! | CQ51: =SUMIF(#REF!,Overview!$U51,#REF!) -> #REF! | CR51: =SUMIF(#REF!,Overview!$U51,#REF!) -> #REF! | CS51: =SUMIF(#REF!,Overview!$U51,#REF!) -> #REF! | CT51: =SUMIF(#REF!,Overview!$U51,#REF!) -> #REF! | CU51: =SUMIF(#REF!,Overview!$U51,#REF!) -> #REF! | CV51: =SUMIF(#REF!,Overview!$U51,#REF!) -> #REF! | CW51: =SUMIF(#REF!,Overview!$U51,#REF!) -> #REF! | ... DE51: =SUMIF(#REF!,Overview!$U51,#REF!) -> #REF!
A52: alpine_pv_subsidised | B52: Alpine PV | D52: -2.1066638e-07 | E52: 5.6500933e-07 | H52: 5.2581598e-05 | I52: 0.0018617045 | K52: ecoinvent 3.9.1 | L52: photovoltaic plant construction, 570kWp, multi-Si, on open ground | M52: dd4d42d589bca7d70054377b760d5dca | N52: GLO | O52: 1.0 unit of 570kWp | P52: energy_cap | Q52: electricity | R52: lifetime of 30 years, annual electricity produced: 847.5 MWh, (ecoinvent) | S52: - | T52: - | U52: photovoltaic plant construction, 570kWp, multi-Si, on open ground | V52: dd4d42d589bca7d70054377b760d5dca | W52: GLO | X52: Abroad | Y52: unit of 570kWp | Z52: =1000000/570 -> 1754.386 | AD52: =SUMIF(#REF!,Overview!U52,#REF!) -> #REF! | AE52: =SUMIF(#REF!,Overview!U52,#REF!) -> #REF! | AF52: =SUMIF(#REF!,Overview!U52,#REF!) -> #REF! | AG52: =SUMIF(#REF!,Overview!U52,#REF!) -> #REF! | AH52: =SUMIF(#REF!,Overview!U52,#REF!) -> #REF! | AI52: =SUMIF(#REF!,Overview!U52,#REF!) -> #REF! | AJ52: =SUMIF(#REF!,Overview!U52,#REF!) -> #REF! | AK52: =SUMIF(#REF!,Overview!U52,#REF!) -> #REF! | AL52: =SUMIF(#REF!,Overview!U52,#REF!) -> #REF! | AM52: =SUMIF(#REF!,Overview!U52,#REF!) -> #REF! | AN52: =SUMIF(#REF!,Overview!U52,#REF!) -> #REF! | AO52: =SUMIF(#REF!,Overview!U52,#REF!) -> #REF! | AP52: =SUMIF(#REF!,Overview!U52,#REF!) -> #REF! | AQ52: =SUMIF(#REF!,Overview!U52,#REF!) -> #REF! | AR52: =SUMIF(#REF!,Overview!U52,#REF!) -> #REF! | AS52: =SUMIF(#REF!,Overview!U52,#REF!) -> #REF! | AT52: =AD52*$Z52*$C52/30 -> #REF! | AU52: =AE52*$Z52*$C52/30 -> #REF! | AV52: =AF52*$Z52*$C52/30 -> #REF! | AW52: =AG52*$Z52*$C52/30 -> #REF! | AX52: =AH52*$Z52*$C52/30 -> #REF! | AY52: =AI52*$Z52*$C52/30 -> #REF! | AZ52: =AJ52*$Z52*$C52/30 -> #REF! | BA52: =AK52*$Z52*$C52/30 -> #REF! | ... BI52: =AS52*$Z52*$C52/30 -> #REF! | BJ52: =AD52*$Z52*$D52/30 -> #REF! | BK52: =AE52*$Z52*$D52/30 -> #REF! | BL52: =AF52*$Z52*$D52/30 -> #REF! | BM52: =AG52*$Z52*$D52/30 -> #REF! | BN52: =AH52*$Z52*$D52/30 -> #REF! | BO52: =AI52*$Z52*$D52/30 -> #REF! | BP52: =AJ52*$Z52*$D52/30 -> #REF! | BQ52: =AK52*$Z52*$D52/30 -> #REF! | ... BY52: =AS52*$Z52*$D52/30 -> #REF! | BZ52: =AD52*$Z52*$E52/30 -> #REF! | CA52: =AE52*$Z52*$E52/30 -> #REF! | CB52: =AF52*$Z52*$E52/30 -> #REF! | CC52: =AG52*$Z52*$E52/30 -> #REF! | CD52: =AH52*$Z52*$E52/30 -> #REF! | CE52: =AI52*$Z52*$E52/30 -> #REF! | CF52: =AJ52*$Z52*$E52/30 -> #REF! | CG52: =AK52*$Z52*$E52/30 -> #REF! | ... CO52: =AS52*$Z52*$E52/30 -> #REF! | CP52: =SUMIF(#REF!,Overview!$U52,#REF!) -> #REF! | CQ52: =SUMIF(#REF!,Overview!$U52,#REF!) -> #REF! | CR52: =SUMIF(#REF!,Overview!$U52,#REF!) -> #REF! | CS52: =SUMIF(#REF!,Overview!$U52,#REF!) -> #REF! | CT52: =SUMIF(#REF!,Overview!$U52,#REF!) -> #REF! | CU52: =SUMIF(#REF!,Overview!$U52,#REF!) -> #REF! | CV52: =SUMIF(#REF!,Overview!$U52,#REF!) -> #REF! | CW52: =SUMIF(#REF!,Overview!$U52,#REF!) -> #REF! | ... DE52: =SUMIF(#REF!,Overview!$U52,#REF!) -> #REF!
A53: alpine_pv_not_subsidised | B53: Alpine PV | D53: 0 | E53: 4.1277563 | H53: 0.00013425099 | I53: 7062.697 | K53: ecoinvent 3.9.1 | L53: photovoltaic plant construction, 570kWp, multi-Si, on open ground | M53: dd4d42d589bca7d70054377b760d5dca | N53: GLO | O53: 1.0 unit of 570kWp | P53: energy_cap | Q53: electricity | R53: lifetime of 30 years, annual electricity produced: 847.5 MWh, (ecoinvent) | S53: - | T53: - | U53: photovoltaic plant construction, 570kWp, multi-Si, on open ground | V53: dd4d42d589bca7d70054377b760d5dca | W53: GLO | X53: Abroad | Y53: unit of 570kWp | Z53: =1000000/570 -> 1754.386 | AD53: =SUMIF(#REF!,Overview!U53,#REF!) -> #REF! | AE53: =SUMIF(#REF!,Overview!U53,#REF!) -> #REF! | AF53: =SUMIF(#REF!,Overview!U53,#REF!) -> #REF! | AG53: =SUMIF(#REF!,Overview!U53,#REF!) -> #REF! | AH53: =SUMIF(#REF!,Overview!U53,#REF!) -> #REF! | AI53: =SUMIF(#REF!,Overview!U53,#REF!) -> #REF! | AJ53: =SUMIF(#REF!,Overview!U53,#REF!) -> #REF! | AK53: =SUMIF(#REF!,Overview!U53,#REF!) -> #REF! | AL53: =SUMIF(#REF!,Overview!U53,#REF!) -> #REF! | AM53: =SUMIF(#REF!,Overview!U53,#REF!) -> #REF! | AN53: =SUMIF(#REF!,Overview!U53,#REF!) -> #REF! | AO53: =SUMIF(#REF!,Overview!U53,#REF!) -> #REF! | AP53: =SUMIF(#REF!,Overview!U53,#REF!) -> #REF! | AQ53: =SUMIF(#REF!,Overview!U53,#REF!) -> #REF! | AR53: =SUMIF(#REF!,Overview!U53,#REF!) -> #REF! | AS53: =SUMIF(#REF!,Overview!U53,#REF!) -> #REF! | AT53: =AD53*$Z53*$C53/30 -> #REF! | AU53: =AE53*$Z53*$C53/30 -> #REF! | AV53: =AF53*$Z53*$C53/30 -> #REF! | AW53: =AG53*$Z53*$C53/30 -> #REF! | AX53: =AH53*$Z53*$C53/30 -> #REF! | AY53: =AI53*$Z53*$C53/30 -> #REF! | AZ53: =AJ53*$Z53*$C53/30 -> #REF! | BA53: =AK53*$Z53*$C53/30 -> #REF! | ... BI53: =AS53*$Z53*$C53/30 -> #REF! | BJ53: =AD53*$Z53*$D53/30 -> #REF! | BK53: =AE53*$Z53*$D53/30 -> #REF! | BL53: =AF53*$Z53*$D53/30 -> #REF! | BM53: =AG53*$Z53*$D53/30 -> #REF! | BN53: =AH53*$Z53*$D53/30 -> #REF! | BO53: =AI53*$Z53*$D53/30 -> #REF! | BP53: =AJ53*$Z53*$D53/30 -> #REF! | BQ53: =AK53*$Z53*$D53/30 -> #REF! | ... BY53: =AS53*$Z53*$D53/30 -> #REF! | BZ53: =AD53*$Z53*$E53/30 -> #REF! | CA53: =AE53*$Z53*$E53/30 -> #REF! | CB53: =AF53*$Z53*$E53/30 -> #REF! | CC53: =AG53*$Z53*$E53/30 -> #REF! | CD53: =AH53*$Z53*$E53/30 -> #REF! | CE53: =AI53*$Z53*$E53/30 -> #REF! | CF53: =AJ53*$Z53*$E53/30 -> #REF! | CG53: =AK53*$Z53*$E53/30 -> #REF! | ... CO53: =AS53*$Z53*$E53/30 -> #REF! | CP53: =SUMIF(#REF!,Overview!$U53,#REF!) -> #REF! | CQ53: =SUMIF(#REF!,Overview!$U53,#REF!) -> #REF! | CR53: =SUMIF(#REF!,Overview!$U53,#REF!) -> #REF! | CS53: =SUMIF(#REF!,Overview!$U53,#REF!) -> #REF! | CT53: =SUMIF(#REF!,Overview!$U53,#REF!) -> #REF! | CU53: =SUMIF(#REF!,Overview!$U53,#REF!) -> #REF! | CV53: =SUMIF(#REF!,Overview!$U53,#REF!) -> #REF! | CW53: =SUMIF(#REF!,Overview!$U53,#REF!) -> #REF! | ... DE53: =SUMIF(#REF!,Overview!$U53,#REF!) -> #REF!
A54: hydro_run_of_river | B54: Hydro RoR | C54: 4.0666798 | D54: 4.0666798 | E54: 4.0666798 | F54: 4.0666798 | G54: 15494.037 | H54: 15494.177 | I54: 15494.162 | J54: 15493.721 | K54: ecoinvent 3.9.1 | L54: electricity production, hydro, run-of-river | M54: 26d969deb5a11f75bcc501eac33cac48 | N54: CH | O54: 1.0 kilowatt hour | P54: carrier_prod | Q54: electricity | R54: Lifetime is assumed to be 80 years for the structural part (including cement, reinforcing steel, diesel, electricity, transportation and explosives) and 40 years for the rest of materials (ecoinvent) | S54: ? Probably remove construction phase as hydro already exists | T54: We assumed no impact from hydro given our focus (materials already consumed, land too). | U54: electricity production, hydro, run-of-river, Calliope | V54: 26d969deb5a11f75bcc501eac33cac48 | W54: CH | X54: CH | Y54: kWh | Z54: 1000000 | AC54: kWh/GWh | AD54: =SUMIF(#REF!,Overview!U54,#REF!) -> #REF! | AE54: =SUMIF(#REF!,Overview!U54,#REF!) -> #REF! | AF54: =SUMIF(#REF!,Overview!U54,#REF!) -> #REF! | AG54: =SUMIF(#REF!,Overview!U54,#REF!) -> #REF! | AH54: =SUMIF(#REF!,Overview!U54,#REF!) -> #REF! | AI54: =SUMIF(#REF!,Overview!U54,#REF!) -> #REF! | AJ54: =SUMIF(#REF!,Overview!U54,#REF!) -> #REF! | AK54: =SUMIF(#REF!,Overview!U54,#REF!) -> #REF! | AL54: =SUMIF(#REF!,Overview!U54,#REF!) -> #REF! | AM54: =SUMIF(#REF!,Overview!U54,#REF!) -> #REF! | AN54: =SUMIF(#REF!,Overview!U54,#REF!) -> #REF! | AO54: =SUMIF(#REF!,Overview!U54,#REF!) -> #REF! | AP54: =SUMIF(#REF!,Overview!U54,#REF!) -> #REF! | AQ54: =SUMIF(#REF!,Overview!U54,#REF!) -> #REF! | AR54: =SUMIF(#REF!,Overview!U54,#REF!) -> #REF! | AS54: =SUMIF(#REF!,Overview!U54,#REF!) -> #REF! | AT54: =AD54*$Z54*$G54 -> #REF! | AU54: =AE54*$Z54*$G54 -> #REF! | AV54: =AF54*$Z54*$G54 -> #REF! | AW54: =AG54*$Z54*$G54 -> #REF! | AX54: =AH54*$Z54*$G54 -> #REF! | AY54: =AI54*$Z54*$G54 -> #REF! | AZ54: =AJ54*$Z54*$G54 -> #REF! | BA54: =AK54*$Z54*$G54 -> #REF! | ... BI54: =AS54*$Z54*$G54 -> #REF! | BJ54: =AD54*$Z54*$H54 -> #REF! | BK54: =AE54*$Z54*$H54 -> #REF! | BL54: =AF54*$Z54*$H54 -> #REF! | BM54: =AG54*$Z54*$H54 -> #REF! | BN54: =AH54*$Z54*$H54 -> #REF! | BO54: =AI54*$Z54*$H54 -> #REF! | BP54: =AJ54*$Z54*$H54 -> #REF! | BQ54: =AK54*$Z54*$H54 -> #REF! | ... BY54: =AS54*$Z54*$H54 -> #REF! | BZ54: =AD54*$Z54*$I54 -> #REF! | CA54: =AE54*$Z54*$I54 -> #REF! | CB54: =AF54*$Z54*$I54 -> #REF! | CC54: =AG54*$Z54*$I54 -> #REF! | CD54: =AH54*$Z54*$I54 -> #REF! | CE54: =AI54*$Z54*$I54 -> #REF! | CF54: =AJ54*$Z54*$I54 -> #REF! | CG54: =AK54*$Z54*$I54 -> #REF! | ... CO54: =AS54*$Z54*$I54 -> #REF! | CP54: =SUMIF(#REF!,Overview!$U54,#REF!) -> #REF! | CQ54: =SUMIF(#REF!,Overview!$U54,#REF!) -> #REF! | CR54: =SUMIF(#REF!,Overview!$U54,#REF!) -> #REF! | CS54: =SUMIF(#REF!,Overview!$U54,#REF!) -> #REF! | CT54: =SUMIF(#REF!,Overview!$U54,#REF!) -> #REF! | CU54: =SUMIF(#REF!,Overview!$U54,#REF!) -> #REF! | CV54: =SUMIF(#REF!,Overview!$U54,#REF!) -> #REF! | CW54: =SUMIF(#REF!,Overview!$U54,#REF!) -> #REF! | ... DE54: =SUMIF(#REF!,Overview!$U54,#REF!) -> #REF!
A55: hydro_reservoir | B55: Hydro Reservoir | C55: 8.97631 | D55: 8.97631 | E55: 8.97631 | F55: 8.97631 | G55: 16054.259 | H55: 17366.389 | I55: 16045.174 | J55: 18264.208 | K55: ecoinvent 3.9.1 | L55: electricity production, hydro, reservoir, alpine region | M55: ed36ffaf5af46875c59bb085a2c093a2 | N55: CH | O55: 1.0 kilowatt hour | P55: carrier_prod | Q55: electricity | R55: Lifetime is assumed to be 150 years for the structural part and 80 years for the turbines (ecoinvent) | S55: ? Probably remove construction phase as hydro already exists | U55: electricity production, hydro, reservoir, alpine region, Calliope | V55: ed36ffaf5af46875c59bb085a2c093a2 | W55: CH | X55: CH | Y55: kWh | Z55: 1000000 | AC55: kWh/GWh | AD55: =SUMIF(#REF!,Overview!U55,#REF!) -> #REF! | AE55: =SUMIF(#REF!,Overview!U55,#REF!) -> #REF! | AF55: =SUMIF(#REF!,Overview!U55,#REF!) -> #REF! | AG55: =SUMIF(#REF!,Overview!U55,#REF!) -> #REF! | AH55: =SUMIF(#REF!,Overview!U55,#REF!) -> #REF! | AI55: =SUMIF(#REF!,Overview!U55,#REF!) -> #REF! | AJ55: =SUMIF(#REF!,Overview!U55,#REF!) -> #REF! | AK55: =SUMIF(#REF!,Overview!U55,#REF!) -> #REF! | AL55: =SUMIF(#REF!,Overview!U55,#REF!) -> #REF! | AM55: =SUMIF(#REF!,Overview!U55,#REF!) -> #REF! | AN55: =SUMIF(#REF!,Overview!U55,#REF!) -> #REF! | AO55: =SUMIF(#REF!,Overview!U55,#REF!) -> #REF! | AP55: =SUMIF(#REF!,Overview!U55,#REF!) -> #REF! | AQ55: =SUMIF(#REF!,Overview!U55,#REF!) -> #REF! | AR55: =SUMIF(#REF!,Overview!U55,#REF!) -> #REF! | AS55: =SUMIF(#REF!,Overview!U55,#REF!) -> #REF! | AT55: =AD55*$Z55*$G55 -> #REF! | AU55: =AE55*$Z55*$G55 -> #REF! | AV55: =AF55*$Z55*$G55 -> #REF! | AW55: =AG55*$Z55*$G55 -> #REF! | AX55: =AH55*$Z55*$G55 -> #REF! | AY55: =AI55*$Z55*$G55 -> #REF! | AZ55: =AJ55*$Z55*$G55 -> #REF! | BA55: =AK55*$Z55*$G55 -> #REF! | ... BI55: =AS55*$Z55*$G55 -> #REF! | BJ55: =AD55*$Z55*$H55 -> #REF! | BK55: =AE55*$Z55*$H55 -> #REF! | BL55: =AF55*$Z55*$H55 -> #REF! | BM55: =AG55*$Z55*$H55 -> #REF! | BN55: =AH55*$Z55*$H55 -> #REF! | BO55: =AI55*$Z55*$H55 -> #REF! | BP55: =AJ55*$Z55*$H55 -> #REF! | BQ55: =AK55*$Z55*$H55 -> #REF! | ... BY55: =AS55*$Z55*$H55 -> #REF! | BZ55: =AD55*$Z55*$I55 -> #REF! | CA55: =AE55*$Z55*$I55 -> #REF! | CB55: =AF55*$Z55*$I55 -> #REF! | CC55: =AG55*$Z55*$I55 -> #REF! | CD55: =AH55*$Z55*$I55 -> #REF! | CE55: =AI55*$Z55*$I55 -> #REF! | CF55: =AJ55*$Z55*$I55 -> #REF! | CG55: =AK55*$Z55*$I55 -> #REF! | ... CO55: =AS55*$Z55*$I55 -> #REF! | CP55: =SUMIF(#REF!,Overview!$U55,#REF!) -> #REF! | CQ55: =SUMIF(#REF!,Overview!$U55,#REF!) -> #REF! | CR55: =SUMIF(#REF!,Overview!$U55,#REF!) -> #REF! | CS55: =SUMIF(#REF!,Overview!$U55,#REF!) -> #REF! | CT55: =SUMIF(#REF!,Overview!$U55,#REF!) -> #REF! | CU55: =SUMIF(#REF!,Overview!$U55,#REF!) -> #REF! | CV55: =SUMIF(#REF!,Overview!$U55,#REF!) -> #REF! | CW55: =SUMIF(#REF!,Overview!$U55,#REF!) -> #REF! | ... DE55: =SUMIF(#REF!,Overview!$U55,#REF!) -> #REF!
A56: electrode_boiler | B56: Electrode Boiler | C56: 4.3404584e-05 | D56: 3.4624453e-06 | E56: 7.1464775e-06 | F56: 0.024413635 | G56: 0.15196964 | H56: 0.0097472482 | I56: 0.016041411 | J56: 98.842007 | P56: carrier_prod | Q56: electrode_boiler_heat | R56: lifetime of 20 years (ecoinvent) | T56: I took the gas boiler, as the electricity demand of the electrode boiler is covered | U56: gas boiler production | V56: 932f861aecca8621f12e22e5f8ccb775 | W56: CH | X56: CH | Y56: unit of 10kW | Z56: 100000 | AD56: =SUMIF(#REF!,Overview!U56,#REF!) -> #REF! | AE56: =SUMIF(#REF!,Overview!U56,#REF!) -> #REF! | AF56: =SUMIF(#REF!,Overview!U56,#REF!) -> #REF! | AG56: =SUMIF(#REF!,Overview!U56,#REF!) -> #REF! | AH56: =SUMIF(#REF!,Overview!U56,#REF!) -> #REF! | AI56: =SUMIF(#REF!,Overview!U56,#REF!) -> #REF! | AJ56: =SUMIF(#REF!,Overview!U56,#REF!) -> #REF! | AK56: =SUMIF(#REF!,Overview!U56,#REF!) -> #REF! | AL56: =SUMIF(#REF!,Overview!U56,#REF!) -> #REF! | AM56: =SUMIF(#REF!,Overview!U56,#REF!) -> #REF! | AN56: =SUMIF(#REF!,Overview!U56,#REF!) -> #REF! | AO56: =SUMIF(#REF!,Overview!U56,#REF!) -> #REF! | AP56: =SUMIF(#REF!,Overview!U56,#REF!) -> #REF! | AQ56: =SUMIF(#REF!,Overview!U56,#REF!) -> #REF! | AR56: =SUMIF(#REF!,Overview!U56,#REF!) -> #REF! | AS56: =SUMIF(#REF!,Overview!U56,#REF!) -> #REF! | AT56: =AD56*$Z56*$G56 -> #REF! | AU56: =AE56*$Z56*$G56 -> #REF! | AV56: =AF56*$Z56*$G56 -> #REF! | AW56: =AG56*$Z56*$G56 -> #REF! | AX56: =AH56*$Z56*$G56 -> #REF! | AY56: =AI56*$Z56*$G56 -> #REF! | AZ56: =AJ56*$Z56*$G56 -> #REF! | BA56: =AK56*$Z56*$G56 -> #REF! | ... BI56: =AS56*$Z56*$G56 -> #REF! | BJ56: =AD56*$Z56*$H56 -> #REF! | BK56: =AE56*$Z56*$H56 -> #REF! | BL56: =AF56*$Z56*$H56 -> #REF! | BM56: =AG56*$Z56*$H56 -> #REF! | BN56: =AH56*$Z56*$H56 -> #REF! | BO56: =AI56*$Z56*$H56 -> #REF! | BP56: =AJ56*$Z56*$H56 -> #REF! | BQ56: =AK56*$Z56*$H56 -> #REF! | ... BY56: =AS56*$Z56*$H56 -> #REF! | BZ56: =AD56*$Z56*$I56 -> #REF! | CA56: =AE56*$Z56*$I56 -> #REF! | CB56: =AF56*$Z56*$I56 -> #REF! | CC56: =AG56*$Z56*$I56 -> #REF! | CD56: =AH56*$Z56*$I56 -> #REF! | CE56: =AI56*$Z56*$I56 -> #REF! | CF56: =AJ56*$Z56*$I56 -> #REF! | CG56: =AK56*$Z56*$I56 -> #REF! | ... CO56: =AS56*$Z56*$I56 -> #REF! | CP56: =SUMIF(#REF!,Overview!$U56,#REF!) -> #REF! | CQ56: =SUMIF(#REF!,Overview!$U56,#REF!) -> #REF! | CR56: =SUMIF(#REF!,Overview!$U56,#REF!) -> #REF! | CS56: =SUMIF(#REF!,Overview!$U56,#REF!) -> #REF! | CT56: =SUMIF(#REF!,Overview!$U56,#REF!) -> #REF! | CU56: =SUMIF(#REF!,Overview!$U56,#REF!) -> #REF! | CV56: =SUMIF(#REF!,Overview!$U56,#REF!) -> #REF! | CW56: =SUMIF(#REF!,Overview!$U56,#REF!) -> #REF! | ... DE56: =SUMIF(#REF!,Overview!$U56,#REF!) -> #REF!

Sheet energy_data_per_scenario
A1: Energy production per scenario | B1: Unit | D1: H$_2$ Imports | E1: EP2050+ | F1: S/CCGT (Fossil) + DACCS | G1: Roof PV++ | H1: EP2050+ (5 TWh constraint) | I1: S/CCGT (Ren. Methane) + H$_2$ | J1: Wind | K1: MIX | L1: RE MIX | M1: S/CCGT (Ren. Methane) | N1: Alpine PV | O1: CHP
A2: CCGT (Ren. Methane) | B2: [TWh] | C2: Electricity | D2: 0 | E2: 0 | F2: 0 | G2: 0 | H2: 0 | I2: 12.23 | J2: 0 | K2: 0 | L2: 4.28 | M2: 12.23 | N2: 0 | O2: 0
A3: CHP biofuel | B3: [TWh] | C3: Electricity | D3: =Overview!J20/1000 -> 8.3189167e-06 | E3: =0.00758974201249765/1000 -> 7.589742e-06 | F3: 2.69 | G3: 5.14 | H3: 5.14 | I3: 2.72 | J3: 5.14 | K3: =0.004809769/1000 -> 4.809769e-06 | L3: =26.12395597/1000 -> 0.026123956 | M3: 2.72 | N3: 5.14 | O3: 10.28
A4: CHP waste | B4: [TWh] | C4: Electricity | D4: =Overview!J22/1000 -> 2.688993 | E4: =2688.99874401158/1000 -> 2.6889987 | K4: =2689.00014668487/1000 -> 2.6890001 | L4: =2689.00043712191/1000 -> 2.6890004
A5: CHP methane | B5: [TWh] | C5: Electricity | D5: =Overview!J21/1000 -> 2.45182 | E5: =2451.80310776911/1000 -> 2.4518031 | K5: =0.002037654/1000 -> 2.037654e-06 | L5: =0.01612777/1000 -> 1.612777e-05
A6: Hydro (reservoir) | B6: [TWh] | C6: Electricity | D6: 18.26 | E6: 16.05 | F6: 17.53 | G6: 16.54 | H6: 17.29 | I6: 16.37 | J6: 15.92 | K6: 17.37 | L6: 16.05 | M6: 16.37 | N6: 15.82 | O6: 15.89
A7: Hydro (run of) | B7: [TWh] | C7: Electricity | D7: 15.49 | E7: 15.49 | F7: 15.49 | G7: 15.49 | H7: 15.49 | I7: 15.49 | J7: 15.49 | K7: 15.49 | L7: 15.49 | M7: 15.49 | N7: 15.39 | O7: 15.49
A8: Hydrogen Electricity Storage | B8: [TWh] | C8: Electricity | D8: 0 | E8: 0 | F8: 0 | G8: 0.15 | H8: 1.91 | I8: 0 | J8: 0 | K8: 0 | L8: 0 | M8: 0 | N8: 0.24 | O8: 0
A9: PV (Roof) | B9: [TWh] | C9: Electricity | D9: 33.61 | E9: 33.61 | F9: 30.2 | G9: 40.3 | H9: 33.61 | I9: 32.11 | J9: 33.61 | K9: 30.22 | L9: 30.25 | M9: 32.11 | N9: 30.75 | O9: 33.61
A10: Pumped Hydro | B10: [TWh] | C10: Electricity | D10: 6.09 | E10: 5.67 | F10: 7.96 | G10: 5.93 | H10: 5.98 | I10: 6.09 | J10: 5.68 | K10: 7.92 | L10: 6.72 | M10: 6.09 | N10: 0.75 | O10: 5.64
A11: Wind | B11: [TWh] | C11: Electricity | D11: 4.12 | E11: 4.04 | F11: 4.06 | G11: 3.97 | H11: 4.08 | I11: 4.06 | J11: 8.04 | K11: 7.32 | L11: 8.04 | M11: 4.06 | N11: 3.96 | O11: 4.03
A12: CCGT (Nat Gas) | B12: [TWh] | C12: Electricity | D12: 0 | E12: 0 | F12: 14.96 | G12: 0 | H12: 0 | I12: 0 | J12: 0 | K12: 12.65 | L12: 0 | M12: 0 | N12: 0 | O12: 0
A13: Alpine PV | B13: [TWh] | C13: Electricity | D13: 0 | E13: 0 | F13: 0 | G13: 0 | H13: 0 | I13: 0 | J13: 0 | K13: 0 | L13: 7.06 | M13: 0 | N13: 17.1 | O13: 0
A14: Diesel | B14: [Bil. km] | C14: Heavy Transport | D14: 0 | E14: 0 | F14: 0 | G14: 2.66 | H14: 2.66 | I14: 0 | J14: 2.1 | K14: 0 | L14: 0 | M14: 0 | N14: 0 | O14: 0
A15: Electricity | B15: [Bil. km] | C15: Heavy Transport | D15: 0 | E15: 3.2 | F15: 3.2 | G15: 0.54 | H15: 0.54 | I15: 3.2 | J15: 1.1 | K15: 3.2 | L15: 3.2 | M15: 3.2 | N15: 3.2 | O15: 3.2
A16: Hydrogen | B16: [Bil. km] | C16: Heavy Transport | D16: 3.2 | E16: 0 | F16: 0 | G16: 0 | H16: 0 | I16: 0 | J16: 0 | K16: 0 | L16: 0 | M16: 0 | N16: 0 | O16: 0
A17: Methane | B17: [TWh] | C17: HT Heat | D17: 5.7 | E17: 5.702 | F17: 5.7 | G17: 5.7 | H17: 5.7 | I17: 5.7 | J17: 5.7 | K17: 5.702 | L17: 5.702 | M17: 5.7 | N17: 5.7 | O17: 5.7
... A28: Methane | B28: [TWh] | C28: Buildings Heat | D28: 18.63 | E28: 2.4 | F28: 0 | G28: 2.4 | H28: 2.4 | I28: 0 | J28: 2.4 | K28: 0 | L28: 0 | M28: 0 | N28: 2.37 | O28: 7.43
A29: Total Electricity | B29: [TWh] | D29: =SUM(D2:D13) -> 82.710821 | E29: =SUM(E2:E13) -> 80.000809 | F29: =SUM(F2:F13) -> 92.89 | G29: =SUM(G2:G13) -> 87.52 | H29: =SUM(H2:H13) -> 83.5 | I29: =SUM(I2:I13) -> 89.07 | J29: =SUM(J2:J13) -> 83.88 | K29: =SUM(K2:K13) -> 93.659007 | ... O29: =SUM(O2:O13) -> 84.94
A30: Total Transport | B30: [Bil. km] | D30: =SUM(D14:D16) -> 3.2 | E30: =SUM(E14:E16,E24:E25) -> 77.99 | F30: =SUM(F14:F16,F24:F25) -> 77.99 | G30: =SUM(G14:G16,G24:G25) -> 77.99 | H30: =SUM(H14:H16,H24:H25) -> 77.99 | I30: =SUM(I14:I16,I24:I25) -> 77.99 | J30: =SUM(J14:J16,J24:J25) -> 77.99 | K30: =SUM(K14:K16,K24:K25) -> 77.99 | L30: =SUM(L14:L16,L24:L25) -> 77.99 | ... O30: =SUM(O14:O16,O24:O25) -> 77.99
A31: Total Heat | B31: [TWh] | D31: =SUM(D17:D23) -> 19.76 | E31: =SUM(E17:E23,E26:E28) -> 71.151 | F31: =SUM(F17:F23,F26:F28) -> 76.19 | G31: =SUM(G17:G23,G26:G28) -> 71.34 | H31: =SUM(H17:H23,H26:H28) -> 71.34 | I31: =SUM(I17:I23,I26:I28) -> 71.34 | J31: =SUM(J17:J23,J26:J28) -> 71.34 | K31: =SUM(K17:K23,K26:K28) -> 75.572 | L31: =SUM(L17:L23,L26:L28) -> 71.342 | M31: =SUM(M17:M23) -> 16.23 | N31: =SUM(N17:N23) -> 16.23 | O31: =SUM(O17:O23) -> 16.15
C32: Buildings Heat | E32: =SUM(E26:E28) -> 55.108

Sheet Energy_LoI
J1: SSP2-Base | K1: SSP2-PkBudg1150 | L1: Location of impact
A2: Scenario | B2: Category | C2: Sector | D2: technology / carrier | E2: Mio km | F2: t CO2 | G2: GWh | H2: GW | I2: Share | J2: particular matter formation [disease incidence] | K2: particular matter formation [disease incidence]
A3: EP2050+ | B3: Heat | D3: Methane | G3: 11481 | J3: =Results_energy_scenarios!K3 -> #REF! | K3: =Results_energy_scenarios!AA3 -> #REF!
D4: Methane Domestic | J4: =SUMIF(L7:L16,L4,J7:J16) -> #REF! | K4: =SUMIF(L7:L16,L4,K7:K16) -> #REF! | L4: CH
D5: Methane Abroad | J5: =SUMIF(L7:L16,L5,J7:J16) -> #REF! | K5: =SUMIF(L7:L16,L5,K7:K16) -> #REF! | L5: Abroad
A6: EP2050+ | B6: Heat | D6: Methane without Electr. | G6: 11481 | J6: =Results_energy_scenarios!K4 -> #REF! | K6: =Results_energy_scenarios!AA4 -> #REF! | Q6: SSP2-Base | R6: SSP2-PkBudg1150 | S6: Today | T6: Unit
A7: EP2050+ | B7: Heat | D7: Import Syn Methane | G7: =Overview!G40 -> 9129.2301 | J7: =Results_energy_scenarios!K5 -> #REF! | K7: =Results_energy_scenarios!AA5 -> #REF! | L7: Abroad | N7: EP 2050+ | O7: Electricity | P7: CH | Q7: =SUMIF(L36:L42,P7,J36:J42) -> #REF! | R7: =SUMIF(L36:L42,P7,K36:K42) -> #REF! | T7: disease incidence
A8: EP2050+ | B8: Heat | D8: Biofuel to methane boiler | G8: =Overview!G9 -> 1689.0953 | H8: =Overview!C9 -> 0.19229255 | J8: =Results_energy_scenarios!K6 -> #REF! | K8: =Results_energy_scenarios!AA6 -> #REF! | L8: CH | O8: Electricity | P8: Abroad | Q8: =SUMIF(L36:L42,P8,J36:J42) -> #REF! | R8: =SUMIF(L36:L42,P8,K36:K42) -> #REF! | T8: disease incidence
A9: EP2050+ | B9: Heat | D9: DAC | F9: =Overview!G23 -> 73357.327 | J9: =Results_energy_scenarios!K7 -> #REF! | K9: =Results_energy_scenarios!AA7 -> #REF! | L9: CH | O9: Heat | P9: CH | Q9: =SUMIF(L17:L35,P9,J17:J35) -> #REF! | R9: =SUMIF(L17:L35,P9,K17:K35) -> #REF! | T9: disease incidence
A10: EP2050+ | B10: Heat | D10: PEM Electrolysis | G10: =Overview!G26 -> 547.98004 | H10: =Overview!C26 -> 0.1247697 | J10: =Results_energy_scenarios!K8 -> #REF! | K10: =Results_energy_scenarios!AA8 -> #REF! | L10: Abroad | O10: Heat | P10: Abroad | Q10: =SUMIF(L17:L35,P10,J17:J35) -> #REF! | R10: =SUMIF(L17:L35,P10,K17:K35) -> #REF! | T10: disease incidence
A11: EP2050+ | B11: Heat | D11: Electr. Demand DAC | G11: 37 | J11: =Results_energy_scenarios!K9 -> #REF! | K11: =Results_energy_scenarios!AA9 -> #REF! | O11: Transport | P11: CH | Q11: =SUMIF(L47:L64,P11,J47:J64) -> #REF! | R11: =SUMIF(L47:L64,P11,K47:K64) -> #REF! | T11: disease incidence
A12: EP2050+ | B12: Heat | D12: Electr. Demand PEM | G12: 764 | J12: =Results_energy_scenarios!K10 -> #REF! | K12: =Results_energy_scenarios!AA10 -> #REF! | O12: Transport | P12: Abroad | Q12: =SUMIF(L47:L64,P12,J47:J64) -> #REF! | R12: =SUMIF(L47:L64,P12,K47:K64) -> #REF! | T12: disease incidence
A13: EP2050+ | B13: Heat | D13: Heat pump | G13: 110 | H13: =Overview!C35/Overview!G35*Results_energy_scenarios!G11 -> 0.027667322 | J13: =Results_energy_scenarios!K11 -> #REF! | K13: =Results_energy_scenarios!AA11 -> #REF! | L13: CH
A14: EP2050+ | B14: Heat | D14: Electr. Demand HP | G14: =5725/Overview!G35*Results_energy_scenarios!G11 -> 25.821636 | J14: =Results_energy_scenarios!K12 -> #REF! | K14: =Results_energy_scenarios!AA12 -> #REF! | N14: MIX | O14: Electricity | P14: CH | Q14: =SUMIF(L92:L102,P14,J92:J102) -> #REF! | R14: =SUMIF(L92:L102,P14,K92:K102) -> #REF! | T14: disease incidence
D15: Electricity Domestic | J15: =J43/$G45*($G11+$G12+$G14) -> #REF! | K15: =K43/$G45*($G11+$G12+$G14) -> #REF! | L15: CH | O15: Electricity | P15: Abroad | Q15: =SUMIF(L92:L102,P15,J92:J102) -> #REF! | R15: =SUMIF(L92:L102,P15,K92:K102) -> #REF! | T15: disease incidence
D16: Electricity Abroad | J16: =J44/$G45*($G11+$G12+$G14) -> #REF! | K16: =K44/$G45*($G11+$G12+$G14) -> #REF! | L16: Abroad | O16: Heat | P16: CH | Q16: =SUMIF(L76:L89,P16,J76:J89) -> #REF! | R16: =SUMIF(L76:L89,P16,K76:K89) -> #REF! | T16: disease incidence
A17: EP2050+ | B17: Heat | C17: Building Heat | D17: Biofuel | G17: =Overview!G5 -> 38498 | J17: =Results_energy_scenarios!K13 -> #REF! | K17: =Results_energy_scenarios!AA13 -> #REF! | L17: CH | O17: Heat | P17: Abroad | Q17: =SUMIF(L76:L89,P17,J76:J89) -> #REF! | R17: =SUMIF(L76:L89,P17,K76:K89) -> #REF! | T17: disease incidence
A18: EP2050+ | B18: Heat | C18: Building Heat | D18: Biofuel boiler | G18: =Overview!G10 -> 32723.459 | H18: =Overview!C10 -> 9.4861041 | I18: =G18/G34 -> 0.45940907 | J18: =Results_energy_scenarios!K14 -> #REF! | K18: =Results_energy_scenarios!AA14 -> #REF! | L18: CH | O18: Transport | P18: CH | Q18: =SUMIF(L107:L118,P18,J107:J118) -> #REF! | R18: =SUMIF(L107:L118,P18,K107:K118) -> #REF! | T18: disease incidence
A19: EP2050+ | B19: Heat | C19: Building Heat | D19: Heat pump | G19: =energy_data_per_scenario!E27*1000 -> 19988 | H19: =Overview!C35/Overview!G35*Results_energy_scenarios!G15 -> 5.0274039 | I19: =G19/G34 -> 0.28061423 | J19: =Results_energy_scenarios!K15 -> #REF! | K19: =Results_energy_scenarios!AA15 -> #REF! | L19: CH | O19: Transport | P19: Abroad | Q19: =SUMIF(L107:L118,P19,J107:J118) -> #REF! | R19: =SUMIF(L107:L118,P19,K107:K118) -> #REF! | T19: disease incidence
A20: EP2050+ | B20: Heat | C20: Building Heat | D20: Electr. Demand HP | G20: =5725/Overview!G35*Results_energy_scenarios!G15 -> 4692.026 | J20: =Results_energy_scenarios!K16 -> #REF! | K20: =Results_energy_scenarios!AA16 -> #REF!
D21: Electricity Domestic | J21: =J43/$G45*$G20 -> #REF! | K21: =K43/$G45*$G20 -> #REF! | L21: CH | N21: RE MIX | O21: Electricity | P21: CH | Q21: =SUMIF(L154:L166,P21,J154:J166) -> #REF! | R21: =SUMIF(L154:L166,P21,K154:K166) -> #REF! | T21: disease incidence
D22: Electricity Abroad | J22: =J44/$G45*$G20 -> #REF! | K22: =K44/$G45*$G20 -> #REF! | L22: Abroad | O22: Electricity | P22: Abroad | Q22: =SUMIF(L154:L166,P22,J154:J166) -> #REF! | R22: =SUMIF(L154:L166,P22,K154:K166) -> #REF! | T22: disease incidence
A23: EP2050+ | B23: Heat | C23: Building Heat | D23: Methane boiler | H23: =Overview!C12 -> 2.3131806e-05 | J23: =Results_energy_scenarios!K17 -> #REF! | K23: =Results_energy_scenarios!AA17 -> #REF! | L23: CH | O23: Heat | P23: CH | Q23: =SUMIF(L136:L151,P23,J136:J151) -> #REF! | R23: =SUMIF(L136:L151,P23,K136:K151) -> #REF! | T23: disease incidence
A24: EP2050+ | B24: Heat | C24: Building Heat | D24: CHP methane | G24: 2398 | H24: =Overview!C21 -> 0.67944059 | I24: =G24/G34 -> 0.033665846 | J24: =Results_energy_scenarios!K18 -> #REF! | K24: =Results_energy_scenarios!AA18 -> #REF! | L24: CH | O24: Heat | P24: Abroad | Q24: =SUMIF(L136:L151,P24,J136:J151) -> #REF! | R24: =SUMIF(L136:L151,P24,K136:K151) -> #REF! | T24: disease incidence
A25: EP2050+ | B25: Heat | C25: Building Heat | D25: Methane | G25: 5330 | J25: =Results_energy_scenarios!K19 -> #REF! | K25: =Results_energy_scenarios!AA19 -> #REF! | O25: Transport | P25: CH | Q25: =SUMIF(L171:L185,P25,J171:J185) -> #REF! | R25: =SUMIF(L171:L185,P25,K171:K185) -> #REF! | T25: disease incidence
A26: EP2050+ | B26: Heat | C26: HT Heat | D26: Methane boiler | G26: =energy_data_per_scenario!E17*1000 -> 5702 | H26: =Overview!C13 -> 0.64918927 | I26: =G26/G34 -> 0.080051148 | J26: =Results_energy_scenarios!K20 -> #REF! | K26: =Results_energy_scenarios!AA20 -> #REF! | L26: CH | O26: Transport | P26: Abroad | Q26: =SUMIF(L171:L185,P26,J171:J185) -> #REF! | R26: =SUMIF(L171:L185,P26,K171:K185) -> #REF! | T26: disease incidence
A27: EP2050+ | B27: Heat | C27: HT Heat | D27: Methane | G27: 6151 | J27: =Results_energy_scenarios!K21 -> #REF! | K27: =Results_energy_scenarios!AA21 -> #REF!
D28: Methane Domestic | J28: =J4/$G3*($G25+$G27) -> #REF! | K28: =K4/$G3*($G25+$G27) -> #REF! | L28: CH | N28: H2 Imports | O28: Electricity | P28: CH | Q28: =SUMIF(L235:L243,P28,J235:J243) -> #REF! | R28: =SUMIF(L235:L243,P28,K235:K243) -> #REF! | T28: disease incidence
D29: Methane Abroad | J29: =J5/$G3*($G25+$G27) -> #REF! | K29: =K5/$G3*($G25+$G27) -> #REF! | L29: Abroad | O29: Electricity | P29: Abroad | Q29: =SUMIF(L235:L243,P29,J235:J243) -> #REF! | R29: =SUMIF(L235:L243,P29,K235:K243) -> #REF! | T29: disease incidence
A30: EP2050+ | B30: Heat | C30: MT Heat | D30: CHP waste | G30: =energy_data_per_scenario!E20*1000 -> 6050 | H30: =Overview!C22/(G30+G37)*G30 -> 0.21199738 | I30: =G30/G34 -> 0.084936767 | J30: =Results_energy_scenarios!K22 -> #REF! | K30: =Results_energy_scenarios!AA22 -> #REF! | L30: CH | O30: Heat | P30: CH | Q30: =SUMIF(L212:L232,P30,J212:J232) -> #REF! | R30: =SUMIF(L212:L232,P30,K212:K232) -> #REF! | T30: disease incidence
A31: EP2050+ | B31: Heat | C31: MT Heat | D31: Biofuel boiler industry | G31: 77 | H31: =Overview!C41 -> 0.0089813167 | I31: =G31/G34 -> 0.0010810134 | J31: =Results_energy_scenarios!K23 -> #REF! | K31: =Results_energy_scenarios!AA23 -> #REF! | L31: CH | O31: Heat | P31: Abroad | Q31: =SUMIF(L212:L232,P31,J212:J232) -> #REF! | R31: =SUMIF(L212:L232,P31,K212:K232) -> #REF! | T31: disease incidence
A32: EP2050+ | B32: Heat | C32: MT Heat | D32: Biofuel | G32: =Overview!G7 -> 89 | J32: =Results_energy_scenarios!K24 -> #REF! | K32: =Results_energy_scenarios!AA24 -> #REF! | L32: CH | O32: Transport | P32: CH | Q32: =SUMIF(L248:L259,P32,J248:J259) -> #REF! | R32: =SUMIF(L248:L259,P32,K248:K259) -> #REF! | T32: disease incidence
A33: EP2050+ | B33: Heat | C33: LT Heat | D33: Heat pump | G33: =energy_data_per_scenario!E22*1000 -> 4291 | H33: =Overview!C35/Overview!G35*Results_energy_scenarios!G25 -> 1.0792771 | I33: =G33/G34 -> 0.060241928 | J33: =Results_energy_scenarios!K25 -> #REF! | K33: =Results_energy_scenarios!AA25 -> #REF! | L33: CH | O33: Transport | P33: Abroad | Q33: =SUMIF(L248:L259,P33,J248:J259) -> #REF! | R33: =SUMIF(L248:L259,P33,K248:K259) -> #REF! | T33: disease incidence
A34: EP2050+ | B34: Heat | C34: Total | G34: =G18+G19+G24+G26+G30+G31+G33 -> 71229.459 | I34: =SUM(I18:I33) -> 1 | J34: =Results_energy_scenarios!K26 -> #REF! | K34: =Results_energy_scenarios!AA26 -> #REF!
A35: EP2050+ | B35: Heat | C35: Total per GWh | G35: 1 | J35: =Results_energy_scenarios!K27 -> #REF! | K35: =Results_energy_scenarios!AA27 -> #REF! | N35: Today | O35: Electricity | P35: CH | S35: =I265*Q266 -> #REF! | T35: disease incidence
A36: EP2050+ | B36: Electricity | C36: Electricity | D36: Battery | G36: =Overview!C4 -> 0.00011810939 | J36: =Results_energy_scenarios!K28 -> #REF! | K36: =Results_energy_scenarios!AA28 -> #REF! | L36: Abroad | O36: Electricity | P36: Abroad | S36: =I266*Q266 -> #REF! | T36: disease incidence
A37: EP2050+ | B37: Electricity | C37: Electricity | D37: CHP waste | G37: =energy_data_per_scenario!E4*1000 -> 2688.9987 | H37: =Overview!C22/(G30+G37)*G37 -> 0.094224908 | I37: =G37/G$45 -> 0.034152522 | J37: =Results_energy_scenarios!K29 -> #REF! | K37: =Results_energy_scenarios!AA29 -> #REF! | L37: CH | O37: Heat | P37: CH | S37: =(SUMIF(L269:L276,P37,I269:I276)*Q268)+I267*Q267 -> #REF! | T37: disease incidence
A38: EP2050+ | B38: Electricity | C38: Electricity | D38: Roof PV | G38: =energy_data_per_scenario!E9*1000 -> 33610 | H38: =Overview!C47 -> 37.511653 | I38: =G38/G$45 -> 0.42687497 | J38: =Results_energy_scenarios!K30 -> #REF! | K38: =Results_energy_scenarios!AA30 -> #REF! | L38: Abroad | O38: Heat | P38: Abroad | S38: =(SUMIF(L269:L276,P38,I269:I276)*Q268)+I268*Q267 -> #REF! | T38: disease incidence
A39: EP2050+ | B39: Electricity | C39: Electricity | D39: Hydro Reservoir | G39: =energy_data_per_scenario!E6*1000 -> 16050 | H39: =Overview!C55 -> 8.97631 | I39: =G39/G$45 -> 0.20384836 | J39: =Results_energy_scenarios!K31 -> #REF! | K39: =Results_energy_scenarios!AA31 -> #REF! | L39: CH | O39: Transport | P39: CH | S39: =I277*R269+I279*R270 -> #REF! | T39: disease incidence
A40: EP2050+ | B40: Electricity | C40: Electricity | D40: Hydro Run Of | G40: =energy_data_per_scenario!E7*1000 -> 15490 | H40: =Overview!C54 -> 4.0666798 | I40: =G40/G$45 -> 0.19673589 | J40: =Results_energy_scenarios!K32 -> #REF! | K40: =Results_energy_scenarios!AA32 -> #REF! | L40: CH | O40: Transport | P40: Abroad | S40: =I278*R269+I280*R270 -> #REF! | T40: disease incidence
A41: EP2050+ | B41: Electricity | C41: Electricity | D41: Wind | G41: =energy_data_per_scenario!E11*1000 -> 4040 | H41: =Overview!C50 -> 2.2227404 | I41: =G41/G$45 -> 0.051311362 | J41: =Results_energy_scenarios!K33 -> #REF! | K41: =Results_energy_scenarios!AA33 -> #REF! | L41: Abroad
A42: EP2050+ | B42: Electricity | C42: Electricity | D42: Net Electr. Imports | G42: =Overview!G36 -> 6856 | I42: =G42/G$45 -> 0.087076905 | J42: =Results_energy_scenarios!K34 -> #REF! | K42: =Results_energy_scenarios!AA34 -> #REF! | L42: Abroad
D43: Electricity Domestic | J43: =SUMIF(L36:L42,L43,J36:J42) -> #REF! | K43: =SUMIF(L36:L42,L43,K36:K42) -> #REF! | L43: CH
D44: Electricity Abroad | J44: =SUMIF(L36:L42,L44,J36:J42) -> #REF! | K44: =SUMIF(L36:L42,L44,K36:K42) -> #REF! | L44: Abroad
A45: EP2050+ | B45: Electricity | C45: Total | G45: =SUM(G37:G42) -> 78734.999 | I45: =SUM(I37:I42) -> 1 | J45: =Results_energy_scenarios!K35 -> #REF! | K45: =Results_energy_scenarios!AA35 -> #REF!
A46: EP2050+ | B46: Electricity | C46: Total per GWh | G46: 1 | J46: =Results_energy_scenarios!K36 -> #REF! | K46: =Results_energy_scenarios!AA36 -> #REF!
A47: EP2050+ | B47: Transport | C47: Light Transport | D47: EV | E47: =energy_data_per_scenario!E24*1000 -> 74790 | I47: =E47/E63 -> 0.95896853 | J47: =Results_energy_scenarios!K37 -> #REF! | K47: =Results_energy_scenarios!AA37 -> #REF! | L47: Abroad
A48: EP2050+ | B48: Transport | C48: Light Transport | D48: Electr. Demand Light EV | G48: 12774 | J48: =Results_energy_scenarios!K38 -> #REF! | K48: =Results_energy_scenarios!AA38 -> #REF!
C49: Light Transport | D49: Electricity Domestic | J49: =J43/$G45*($G48) -> #REF! | K49: =K43/$G45*($G48) -> #REF! | L49: CH
C50: Light Transport | D50: Electricity Abroad | J50: =J44/$G45*($G48) -> #REF! | K50: =K44/$G45*($G48) -> #REF! | L50: Abroad
A51: EP2050+ | B51: Transport | C51: Light Transport | D51: FCEV | E51: =Overview!G43 -> 0.010870243 | I51: =E51/E63 -> 1.3937987e-07 | J51: =Results_energy_scenarios!K39 -> #REF! | K51: =Results_energy_scenarios!AA39 -> #REF! | L51: Abroad
A52: EP2050+ | B52: Transport | C52: Light Transport | D52: Hydrogen FCEV | G52: =-Overview!G30 -> 3.5435903e-05 | J52: =Results_energy_scenarios!K40 -> #REF! | K52: =Results_energy_scenarios!AA40 -> #REF! | L52: Abroad
A53: EP2050+ | B53: Transport | C53: Light Transport | D53: ICE | E53: =Overview!G44 -> 0.028139015 | I53: =E53/E63 -> 3.6080264e-07 | J53: =Results_energy_scenarios!K41 -> #REF! | K53: =Results_energy_scenarios!AA41 -> #REF! | L53: CH
A54: EP2050+ | B54: Transport | C54: Light Transport | D54: Biofuel to diesel | G54: =Overview!G8/(E61+E53)*E53 -> 0.0078011649 | J54: =Results_energy_scenarios!K42 -> #REF! | K54: =Results_energy_scenarios!AA42 -> #REF! | L54: CH
A55: EP2050+ | B55: Transport | C55: Heavy Transport | D55: EV | E55: =energy_data_per_scenario!E15*1000 -> 3200 | I55: =E55/E63 -> 0.041030877 | J55: =Results_energy_scenarios!K43 -> #REF! | K55: =Results_energy_scenarios!AA43 -> #REF! | L55: CH
A56: EP2050+ | B56: Transport | C56: Heavy Transport | D56: Electr. Demand Heavy EV | G56: 3201 | J56: =Results_energy_scenarios!K44 -> #REF! | K56: =Results_energy_scenarios!AA44 -> #REF!
C57: Heavy Transport | D57: Electricity Domestic | J57: =J43/$G45*($G56) -> #REF! | K57: =K43/$G45*($G56) -> #REF! | L57: CH
C58: Heavy Transport | D58: Electricity Abroad | J58: =J44/$G45*($G56) -> #REF! | K58: =K44/$G45*($G56) -> #REF! | L58: Abroad
A59: EP2050+ | B59: Transport | C59: Heavy Transport | D59: FCEV | E59: =Overview!G33 -> 0.00014573629 | I59: =E59/E63 -> 1.8686524e-09 | J59: =Results_energy_scenarios!K45 -> #REF! | K59: =Results_energy_scenarios!AA45 -> #REF! | L59: CH
A60: EP2050+ | B60: Transport | C60: Heavy Transport | D60: Hydrogen FCEV | G60: =-Overview!G31 -> 0.00025952979 | J60: =Results_energy_scenarios!K46 -> #REF! | K60: =Results_energy_scenarios!AA46 -> #REF! | L60: Abroad
A61: EP2050+ | B61: Transport | C61: Heavy Transport | D61: ICE | E61: =Overview!G34 -> 0.006820336 | I61: =E61/E63 -> 8.7451365e-08 | J61: =Results_energy_scenarios!K47 -> #REF! | K61: =Results_energy_scenarios!AA47 -> #REF! | L61: CH
A62: EP2050+ | B62: Transport | C62: Heavy Transport | D62: Biofuel to diesel | G62: =Overview!G8/(E61+E53)*E61 -> 0.0018908468 | J62: =Results_energy_scenarios!K48 -> #REF! | K62: =Results_energy_scenarios!AA48 -> #REF! | L62: CH
A63: EP2050+ | B63: Transport | C63: Total | E63: =E47++E51+E53+E55+E59+E61 -> 77990.046 | I63: =SUM(I47:I61) -> 1 | J63: =Results_energy_scenarios!K49 -> #REF! | K63: =Results_energy_scenarios!AA49 -> #REF!
A64: EP2050+ | B64: Transport | C64: Total per Mio km | E64: 1 | J64: =Results_energy_scenarios!K50 -> #REF! | K64: =Results_energy_scenarios!AA50 -> #REF!
A65: MIX | B65: Heat | D65: Methane | G65: 6151 | J65: =Results_energy_scenarios!K51 -> #REF! | K65: =Results_energy_scenarios!AA51 -> #REF!
D66: Methane Domestic | J66: =SUMIF(L69:L75,L66,J69:J75) -> #REF! | K66: =SUMIF(L69:L75,L66,K69:K75) -> #REF! | L66: CH
D67: Methane Abroad | J67: =SUMIF(L69:L75,L67,J69:J75) -> #REF! | K67: =SUMIF(L69:L75,L67,K69:K75) -> #REF! | L67: Abroad
A68: MIX | B68: Heat | D68: Methane without Electr. | G68: 6151 | J68: =Results_energy_scenarios!K52 -> #REF! | K68: =Results_energy_scenarios!AA52 -> #REF!
A69: MIX | B69: Heat | D69: DAC | F69: =Overview!H23 -> 680567.03 | J69: =Results_energy_scenarios!K53 -> #REF! | K69: =Results_energy_scenarios!AA53 -> #REF! | L69: CH
A70: MIX | B70: Heat | D70: PEM Electrolysis | G70: =Overview!H26 -> 5083.7695 | H70: =Overview!D26 -> 1.2173756 | J70: =Results_energy_scenarios!K54 -> #REF! | K70: =Results_energy_scenarios!AA54 -> #REF! | L70: Abroad
A71: MIX | B71: Heat | D71: Electr. Demand DAC | G71: 340 | J71: =Results_energy_scenarios!K55 -> #REF! | K71: =Results_energy_scenarios!AA55 -> #REF!
A72: MIX | B72: Heat | D72: Electr. Demand PEM | G72: 7087 | J72: =Results_energy_scenarios!K56 -> #REF! | K72: =Results_energy_scenarios!AA56 -> #REF!
D73: Electricity Domestic | J73: =J103/$G105*($G71+$G72) -> #REF! | K73: =K103/$G105*($G71+$G72) -> #REF! | L73: CH
D74: Electricity Abroad | J74: =J104/$G105*($G71+$G72) -> #REF! | K74: =K104/$G105*($G71+$G72) -> #REF! | L74: Abroad
A75: MIX | B75: Heat | D75: Heat pump heat for DAC | G75: 1021 | H75: =Overview!D35/Overview!H35*Results_energy_scenarios!G57 -> 0.26818371 | J75: =Results_energy_scenarios!K57 -> #REF! | K75: =Results_energy_scenarios!AA57 -> #REF! | L75: CH
A76: MIX | B76: Heat | C76: Building Heat | D76: Heat pump | G76: =energy_data_per_scenario!K27*1000 -> 55110 | H76: =Overview!D35/Overview!H35*Results_energy_scenarios!G58 -> 14.475617 | I76: =G76/G90 -> 0.77369086 | J76: =Results_energy_scenarios!K58 -> #REF! | K76: =Results_energy_scenarios!AA58 -> #REF! | L76: CH
A77: MIX | B77: Heat | C77: Building Heat | D77: Electr. Demand HP | G77: =14981/Overview!H35*Results_energy_scenarios!G58 -> 12936.431 | J77: =Results_energy_scenarios!K59 -> #REF! | K77: =Results_energy_scenarios!AA59 -> #REF!
A78: MIX | B78: Heat | C78: Building Heat | D78: Methane boiler | H78: =Overview!D12 -> 3.3979215e-06 | J78: =Results_energy_scenarios!K60 -> #REF! | K78: =Results_energy_scenarios!AA60 -> #REF! | L78: CH
A79: MIX | B79: Heat | C79: HT Heat | D79: Methane | G79: 6151 | J79: =Results_energy_scenarios!K61 -> #REF! | K79: =Results_energy_scenarios!AA61 -> #REF!
D80: Methane Domestic | J80: =J66 -> #REF! | K80: =K66 -> #REF! | L80: CH
D81: Methane Abroad | J81: =J67 -> #REF! | K81: =K67 -> #REF! | L81: Abroad
A82: MIX | B82: Heat | C82: HT Heat | D82: Methane boiler | G82: =energy_data_per_scenario!K17*1000 -> 5702 | H82: =Overview!D13 -> 0.64917136 | I82: =G82/G90 -> 0.080050541 | J82: =Results_energy_scenarios!K62 -> #REF! | K82: =Results_energy_scenarios!AA62 -> #REF! | L82: CH
A83: MIX | B83: Heat | C83: MT Heat | D83: CHP waste | G83: =energy_data_per_scenario!K20*1000 -> 6050 | H83: =Overview!D22/(G83+G93)*G83 -> 0.21193014 | I83: =G83/G90 -> 0.084936122 | J83: =Results_energy_scenarios!K63 -> #REF! | K83: =Results_energy_scenarios!AA63 -> #REF! | L83: CH
A84: MIX | B84: Heat | C84: MT Heat | D84: Biofuel | G84: 89 | J84: =Results_energy_scenarios!K64 -> #REF! | K84: =Results_energy_scenarios!AA64 -> #REF! | L84: CH
A85: MIX | B85: Heat | C85: MT Heat | D85: Biofuel boiler industry | G85: 77 | H85: =Overview!D41 -> 0.0087495404 | I85: =G85/G90 -> 0.0010810052 | J85: =Results_energy_scenarios!K65 -> #REF! | K85: =Results_energy_scenarios!AA65 -> #REF! | L85: CH
A86: MIX | B86: Heat | C86: LT Heat | D86: Electr. Demand HP | G86: =14981/Overview!H35*Results_energy_scenarios!G67 -> 1007.2623 | J86: =Results_energy_scenarios!K66 -> #REF! | K86: =Results_energy_scenarios!AA66 -> #REF!
D87: Electricity Domestic | J87: =J103/$G105*($G77+$G86) -> #REF! | K87: =K103/$G105*($G77+$G86) -> #REF! | L87: CH
D88: Electricity Abroad | J88: =J104/$G105*($G77+$G86) -> #REF! | K88: =K104/$G105*($G77+$G86) -> #REF! | L88: Abroad
A89: MIX | B89: Heat | C89: LT Heat | D89: Heat pump | G89: 4291 | H89: =Overview!D35/Overview!H35*Results_energy_scenarios!G67 -> 1.1271071 | I89: =G89/G90 -> 0.060241471 | J89: =Results_energy_scenarios!K67 -> #REF! | K89: =Results_energy_scenarios!AA67 -> #REF! | L89: CH
A90: MIX | B90: Heat | C90: Total | G90: =SUM(G76,G82,G83,G85,G89) -> 71230 | I90: =SUM(I76:I89) -> 1 | J90: =Results_energy_scenarios!K68 -> #REF! | K90: =Results_energy_scenarios!AA68 -> #REF!
A91: MIX | B91: Heat | C91: Total per GWh | G91: 1 | J91: =Results_energy_scenarios!K69 -> #REF! | K91: =Results_energy_scenarios!AA69 -> #REF!
A92: MIX | B92: Electricity | C92: Electricity | D92: Battery | G92: =Overview!D4 -> 9.5158326e-06 | J92: =Results_energy_scenarios!K70 -> #REF! | K92: =Results_energy_scenarios!AA70 -> #REF! | L92: Abroad
A93: MIX | B93: Electricity | C93: Electricity | D93: CHP waste | G93: =energy_data_per_scenario!K4*1000 -> 2689.0001 | H93: =Overview!D22/(G83+G93)*G93 -> 0.094195073 | I93: =G93/G$105 -> 0.027196506 | J93: =Results_energy_scenarios!K71 -> #REF! | K93: =Results_energy_scenarios!AA71 -> #REF! | L93: CH
A94: MIX | B94: Electricity | C94: Electricity | D94: Import Natural Gas | G94: =Overview!H37 -> 26916.736 | J94: =Results_energy_scenarios!K72 -> #REF! | K94: =Results_energy_scenarios!AA72 -> #REF! | L94: Abroad
A95: MIX | B95: Electricity | C95: Electricity | D95: CCGT | G95: =energy_data_per_scenario!K12*1000 -> 12650 | H95: =Overview!D19 -> 3.3998487 | I95: =G95/G$105 -> 0.12794191 | J95: =Results_energy_scenarios!K73 -> #REF! | K95: =Results_energy_scenarios!AA73 -> #REF! | L95: CH
A96: MIX | B96: Electricity | C96: Electricity | D96: DACCS | F96: =Overview!H24 -> 2266282.5 | J96: =Results_energy_scenarios!K74 -> #REF! | K96: =Results_energy_scenarios!AA74 -> #REF! | L96: CH
A97: MIX | B97: Electricity | C97: Electricity | D97: Heat pump heat for DACCS | G97: 3399 | H97: =Overview!D35/Overview!H35*Results_energy_scenarios!G75 -> 0.89280749 | J97: =Results_energy_scenarios!K75 -> #REF! | K97: =Results_energy_scenarios!AA75 -> #REF! | L97: CH
A98: MIX | B98: Electricity | C98: Electricity | D98: Roof PV | G98: =energy_data_per_scenario!K9*1000 -> 30220 | H98: =Overview!D47 -> 33.760486 | I98: =G98/G$105 -> 0.30564461 | J98: =Results_energy_scenarios!K76 -> #REF! | K98: =Results_energy_scenarios!AA76 -> #REF! | L98: Abroad
A99: MIX | B99: Electricity | C99: Electricity | D99: Hydro Reservoir | G99: =energy_data_per_scenario!K6*1000 -> 17370 | H99: =Overview!D55 -> 8.97631 | I99: =G99/G$105 -> 0.17567991 | J99: =Results_energy_scenarios!K77 -> #REF! | K99: =Results_energy_scenarios!AA77 -> #REF! | L99: CH
A100: MIX | B100: Electricity | C100: Electricity | D100: Hydro Run Of | G100: =energy_data_per_scenario!K7*1000 -> 15490 | H100: =Overview!D54 -> 4.0666798 | I100: =G100/G$105 -> 0.15666562 | J100: =Results_energy_scenarios!K78 -> #REF! | K100: =Results_energy_scenarios!AA78 -> #REF! | L100: CH
...

Sheet Results_energy_scenarios
J1: SSP2-Base | Z1: SSP2-PkBudg1150
A2: Scenario | B2: Category | C2: Sector | D2: technology / carrier | E2: Mio km | F2: t CO2 | G2: GWh | H2: GW | I2: Share | J2: climate change [kg CO2-eq.] | K2: particular matter formation [disease incidence] | L2: photochemical oxidant [kg NMVOC-eq.] | M2: marine eutrophication [kg N-eq.] | N2: terrestrial eutrophication [mol N-eq.] | O2: freshwater eutrophication [kg P-eq.] | P2: acidification [mol H+-eq.] | Q2: human toxicity: non-carcinogenic [CTUh] | R2: humantoxicity: carcinogenic [CTUh] | S2: freshwater ecotoxicity [CTUe] | T2: energy resources (non renewable) [MJ, net calorific value] | U2: material resources: metals/minerals [kg Sb-eq.] | V2: ozone depletion [kg CFC-11-eq.] | W2: ionising radiation: human health [kBq U235-eq.] | X2: land use [no dimension] | Y2: water use [m3 world eq. Deprived] | Z2: climate change [kg CO2-eq.] | AA2: particular matter formation [disease incidence] | AB2: photochemical oxidant [kg NMVOC-eq.] | AC2: marine eutrophication [kg N-eq.] | AD2: terrestrial eutrophication [mol N-eq.] | AE2: freshwater eutrophication [kg P-eq.] | AF2: acidification [mol H+-eq.] | AG2: human toxicity: non-carcinogenic [CTUh] | AH2: humantoxicity: carcinogenic [CTUh] | AI2: freshwater ecotoxicity [CTUe] | AJ2: energy ressources (non renewable) [MJ, net calorific value] | AK2: material resources: metals/minerals [kg Sb-eq.] | AL2: ozone depletion [kg CFC-11-eq.] | AM2: ionising radiation: human health [kBq U235-eq.] | AN2: land use [no dimension] | AO2: water use [m3 world eq. Deprived]
A3: EP2050+ | B3: Heat | D3: Methane | G3: 11481 | J3: =SUM(J5:J12) -> #REF! | K3: =SUM(K5:K12) -> #REF! | L3: =SUM(L5:L12) -> #REF! | M3: =SUM(M5:M12) -> #REF! | N3: =SUM(N5:N12) -> #REF! | O3: =SUM(O5:O12) -> #REF! | P3: =SUM(P5:P12) -> #REF! | Q3: =SUM(Q5:Q12) -> #REF! | ... AO3: =SUM(AO5:AO12) -> #REF!
A4: EP2050+ | B4: Heat | D4: Methane without Electr. | G4: 11481 | J4: =SUM(J5:J8,J11) -> #REF! | K4: =SUM(K5:K8,K11) -> #REF! | L4: =SUM(L5:L8,L11) -> #REF! | M4: =SUM(M5:M8,M11) -> #REF! | N4: =SUM(N5:N8,N11) -> #REF! | O4: =SUM(O5:O8,O11) -> #REF! | P4: =SUM(P5:P8,P11) -> #REF! | Q4: =SUM(Q5:Q8,Q11) -> #REF! | ... AO4: =SUM(AO5:AO8,AO11) -> #REF!
A5: EP2050+ | B5: Heat | D5: Import Syn Methane | G5: =Overview!G40 -> 9129.2301 | J5: =Overview!AD40*Overview!$Z40*Results_energy_scenarios!$G5 -> #REF! | K5: =Overview!AE40*Overview!$Z40*Results_energy_scenarios!$G5 -> #REF! | L5: =Overview!AF40*Overview!$Z40*Results_energy_scenarios!$G5 -> #REF! | M5: =Overview!AG40*Overview!$Z40*Results_energy_scenarios!$G5 -> #REF! | N5: =Overview!AH40*Overview!$Z40*Results_energy_scenarios!$G5 -> #REF! | O5: =Overview!AI40*Overview!$Z40*Results_energy_scenarios!$G5 -> #REF! | P5: =Overview!AJ40*Overview!$Z40*Results_energy_scenarios!$G5 -> #REF! | Q5: =Overview!AK40*Overview!$Z40*Results_energy_scenarios!$G5 -> #REF! | ... Y5: =Overview!AS40*Overview!$Z40*Results_energy_scenarios!$G5 -> #REF! | Z5: =Overview!CP40*Overview!$Z40*Results_energy_scenarios!$G5 -> #REF! | AA5: =Overview!CQ40*Overview!$Z40*Results_energy_scenarios!$G5 -> #REF! | AB5: =Overview!CR40*Overview!$Z40*Results_energy_scenarios!$G5 -> #REF! | AC5: =Overview!CS40*Overview!$Z40*Results_energy_scenarios!$G5 -> #REF! | AD5: =Overview!CT40*Overview!$Z40*Results_energy_scenarios!$G5 -> #REF! | AE5: =Overview!CU40*Overview!$Z40*Results_energy_scenarios!$G5 -> #REF! | AF5: =Overview!CV40*Overview!$Z40*Results_energy_scenarios!$G5 -> #REF! | AG5: =Overview!CW40*Overview!$Z40*Results_energy_scenarios!$G5 -> #REF! | ... AO5: =Overview!DE40*Overview!$Z40*Results_energy_scenarios!$G5 -> #REF!
A6: EP2050+ | B6: Heat | D6: Biofuel to methane boiler | G6: =Overview!G9 -> 1689.0953 | H6: =Overview!C9 -> 0.19229255 | J6: =Overview!AD9*Overview!$Z9/20*Results_energy_scenarios!$G6 -> #REF! | K6: =Overview!AE9*Overview!$Z9/20*Results_energy_scenarios!$G6 -> #REF! | L6: =Overview!AF9*Overview!$Z9/20*Results_energy_scenarios!$G6 -> #REF! | M6: =Overview!AG9*Overview!$Z9/20*Results_energy_scenarios!$G6 -> #REF! | N6: =Overview!AH9*Overview!$Z9/20*Results_energy_scenarios!$G6 -> #REF! | O6: =Overview!AI9*Overview!$Z9/20*Results_energy_scenarios!$G6 -> #REF! | P6: =Overview!AJ9*Overview!$Z9/20*Results_energy_scenarios!$G6 -> #REF! | Q6: =Overview!AK9*Overview!$Z9/20*Results_energy_scenarios!$G6 -> #REF! | ... Y6: =Overview!AS9*Overview!$Z9/20*Results_energy_scenarios!$G6 -> #REF! | Z6: =Overview!CP9*Overview!$Z9/20*Results_energy_scenarios!$G6 -> #REF! | AA6: =Overview!CQ9*Overview!$Z9/20*Results_energy_scenarios!$G6 -> #REF! | AB6: =Overview!CR9*Overview!$Z9/20*Results_energy_scenarios!$G6 -> #REF! | AC6: =Overview!CS9*Overview!$Z9/20*Results_energy_scenarios!$G6 -> #REF! | AD6: =Overview!CT9*Overview!$Z9/20*Results_energy_scenarios!$G6 -> #REF! | AE6: =Overview!CU9*Overview!$Z9/20*Results_energy_scenarios!$G6 -> #REF! | AF6: =Overview!CV9*Overview!$Z9/20*Results_energy_scenarios!$G6 -> #REF! | AG6: =Overview!CW9*Overview!$Z9/20*Results_energy_scenarios!$G6 -> #REF! | ... AO6: =Overview!DE9*Overview!$Z9/20*Results_energy_scenarios!$G6 -> #REF!
A7: EP2050+ | B7: Heat | D7: DAC | F7: =Overview!G23 -> 73357.327 | J7: =Overview!AD23*Overview!$AB23*Results_energy_scenarios!$F7 -> #REF! | K7: =Overview!AE23*Overview!$AB23*Results_energy_scenarios!$F7 -> #REF! | L7: =Overview!AF23*Overview!$AB23*Results_energy_scenarios!$F7 -> #REF! | M7: =Overview!AG23*Overview!$AB23*Results_energy_scenarios!$F7 -> #REF! | N7: =Overview!AH23*Overview!$AB23*Results_energy_scenarios!$F7 -> #REF! | O7: =Overview!AI23*Overview!$AB23*Results_energy_scenarios!$F7 -> #REF! | P7: =Overview!AJ23*Overview!$AB23*Results_energy_scenarios!$F7 -> #REF! | Q7: =Overview!AK23*Overview!$AB23*Results_energy_scenarios!$F7 -> #REF! | ... Y7: =Overview!AS23*Overview!$AB23*Results_energy_scenarios!$F7 -> #REF! | Z7: =Overview!CP23*Overview!$AB23*Results_energy_scenarios!$F7 -> #REF! | AA7: =Overview!CQ23*Overview!$AB23*Results_energy_scenarios!$F7 -> #REF! | AB7: =Overview!CR23*Overview!$AB23*Results_energy_scenarios!$F7 -> #REF! | AC7: =Overview!CS23*Overview!$AB23*Results_energy_scenarios!$F7 -> #REF! | AD7: =Overview!CT23*Overview!$AB23*Results_energy_scenarios!$F7 -> #REF! | AE7: =Overview!CU23*Overview!$AB23*Results_energy_scenarios!$F7 -> #REF! | AF7: =Overview!CV23*Overview!$AB23*Results_energy_scenarios!$F7 -> #REF! | AG7: =Overview!CW23*Overview!$AB23*Results_energy_scenarios!$F7 -> #REF! | ... AO7: =Overview!DE23*Overview!$AB23*Results_energy_scenarios!$F7 -> #REF!
A8: EP2050+ | B8: Heat | D8: PEM Electrolysis | G8: =Overview!G26 -> 547.98004 | H8: =Overview!C26 -> 0.1247697 | J8: =Overview!AD26*Overview!$Z26/7*Results_energy_scenarios!$H8 -> #REF! | K8: =Overview!AE26*Overview!$Z26/7*Results_energy_scenarios!$H8 -> #REF! | L8: =Overview!AF26*Overview!$Z26/7*Results_energy_scenarios!$H8 -> #REF! | M8: =Overview!AG26*Overview!$Z26/7*Results_energy_scenarios!$H8 -> #REF! | N8: =Overview!AH26*Overview!$Z26/7*Results_energy_scenarios!$H8 -> #REF! | O8: =Overview!AI26*Overview!$Z26/7*Results_energy_scenarios!$H8 -> #REF! | P8: =Overview!AJ26*Overview!$Z26/7*Results_energy_scenarios!$H8 -> #REF! | Q8: =Overview!AK26*Overview!$Z26/7*Results_energy_scenarios!$H8 -> #REF! | ... Y8: =Overview!AS26*Overview!$Z26/7*Results_energy_scenarios!$H8 -> #REF! | Z8: =Overview!CP26*Overview!$Z26/7*Results_energy_scenarios!$H8 -> #REF! | AA8: =Overview!CQ26*Overview!$Z26/7*Results_energy_scenarios!$H8 -> #REF! | AB8: =Overview!CR26*Overview!$Z26/7*Results_energy_scenarios!$H8 -> #REF! | AC8: =Overview!CS26*Overview!$Z26/7*Results_energy_scenarios!$H8 -> #REF! | AD8: =Overview!CT26*Overview!$Z26/7*Results_energy_scenarios!$H8 -> #REF! | AE8: =Overview!CU26*Overview!$Z26/7*Results_energy_scenarios!$H8 -> #REF! | AF8: =Overview!CV26*Overview!$Z26/7*Results_energy_scenarios!$H8 -> #REF! | AG8: =Overview!CW26*Overview!$Z26/7*Results_energy_scenarios!$H8 -> #REF! | ... AO8: =Overview!DE26*Overview!$Z26/7*Results_energy_scenarios!$H8 -> #REF!
A9: EP2050+ | B9: Heat | D9: Electr. Demand DAC | G9: 37 | J9: =J$36*$G9 -> #REF! | K9: =K$36*$G9 -> #REF! | L9: =L$36*$G9 -> #REF! | M9: =M$36*$G9 -> #REF! | N9: =N$36*$G9 -> #REF! | O9: =O$36*$G9 -> #REF! | P9: =P$36*$G9 -> #REF! | Q9: =Q$36*$G9 -> #REF! | ... AO9: =AO$36*$G9 -> #REF!
A10: EP2050+ | B10: Heat | D10: Electr. Demand PEM | G10: 764 | J10: =J$36*$G10 -> #REF! | K10: =K$36*$G10 -> #REF! | L10: =L$36*$G10 -> #REF! | M10: =M$36*$G10 -> #REF! | N10: =N$36*$G10 -> #REF! | O10: =O$36*$G10 -> #REF! | P10: =P$36*$G10 -> #REF! | Q10: =Q$36*$G10 -> #REF! | ... AO10: =AO$36*$G10 -> #REF!
A11: EP2050+ | B11: Heat | D11: Heat pump | G11: 110 | H11: =Overview!C35/Overview!G35*Results_energy_scenarios!G11 -> 0.027667322 | J11: =Overview!AD35*Overview!$Z35/20*$H11 -> #REF! | K11: =Overview!AE35*Overview!$Z35/20*$H11 -> #REF! | L11: =Overview!AF35*Overview!$Z35/20*$H11 -> #REF! | M11: =Overview!AG35*Overview!$Z35/20*$H11 -> #REF! | N11: =Overview!AH35*Overview!$Z35/20*$H11 -> #REF! | O11: =Overview!AI35*Overview!$Z35/20*$H11 -> #REF! | P11: =Overview!AJ35*Overview!$Z35/20*$H11 -> #REF! | Q11: =Overview!AK35*Overview!$Z35/20*$H11 -> #REF! | ... Y11: =Overview!AS35*Overview!$Z35/20*$H11 -> #REF! | Z11: =Overview!CP35*Overview!$Z35/20*$H11 -> #REF! | AA11: =Overview!CQ35*Overview!$Z35/20*$H11 -> #REF! | AB11: =Overview!CR35*Overview!$Z35/20*$H11 -> #REF! | AC11: =Overview!CS35*Overview!$Z35/20*$H11 -> #REF! | AD11: =Overview!CT35*Overview!$Z35/20*$H11 -> #REF! | AE11: =Overview!CU35*Overview!$Z35/20*$H11 -> #REF! | AF11: =Overview!CV35*Overview!$Z35/20*$H11 -> #REF! | AG11: =Overview!CW35*Overview!$Z35/20*$H11 -> #REF! | ... AO11: =Overview!DE35*Overview!$Z35/20*$H11 -> #REF!
A12: EP2050+ | B12: Heat | D12: Electr. Demand HP | G12: =5725/Overview!G35*Results_energy_scenarios!G11 -> 25.821636 | J12: =J$36*$G12 -> #REF! | K12: =K$36*$G12 -> #REF! | L12: =L$36*$G12 -> #REF! | M12: =M$36*$G12 -> #REF! | N12: =N$36*$G12 -> #REF! | O12: =O$36*$G12 -> #REF! | P12: =P$36*$G12 -> #REF! | Q12: =Q$36*$G12 -> #REF! | ... AO12: =AO$36*$G12 -> #REF!
A13: EP2050+ | B13: Heat | C13: Building Heat | D13: Biofuel | G13: =Overview!G5 -> 38498 | J13: =G13*Overview!AD5*Overview!$Z5 -> #REF! | K13: =Overview!$G5*Overview!AE5*Overview!$Z5 -> #REF! | L13: =Overview!$G5*Overview!AF5*Overview!$Z5 -> #REF! | M13: =Overview!$G5*Overview!AG5*Overview!$Z5 -> #REF! | N13: =Overview!$G5*Overview!AH5*Overview!$Z5 -> #REF! | O13: =Overview!$G5*Overview!AI5*Overview!$Z5 -> #REF! | P13: =Overview!$G5*Overview!AJ5*Overview!$Z5 -> #REF! | Q13: =Overview!$G5*Overview!AK5*Overview!$Z5 -> #REF! | R13: =Overview!$G5*Overview!AL5*Overview!$Z5 -> #REF! | ... Y13: =Overview!$G5*Overview!AS5*Overview!$Z5 -> #REF! | Z13: =Overview!$G5*Overview!CP5*Overview!$Z5 -> #REF! | AA13: =Overview!$G5*Overview!CQ5*Overview!$Z5 -> #REF! | AB13: =Overview!$G5*Overview!CR5*Overview!$Z5 -> #REF! | AC13: =Overview!$G5*Overview!CS5*Overview!$Z5 -> #REF! | AD13: =Overview!$G5*Overview!CT5*Overview!$Z5 -> #REF! | AE13: =Overview!$G5*Overview!CU5*Overview!$Z5 -> #REF! | AF13: =Overview!$G5*Overview!CV5*Overview!$Z5 -> #REF! | AG13: =Overview!$G5*Overview!CW5*Overview!$Z5 -> #REF! | ... AO13: =Overview!$G5*Overview!DE5*Overview!$Z5 -> #REF!
A14: EP2050+ | B14: Heat | C14: Building Heat | D14: Biofuel boiler | G14: =Overview!G10 -> 32723.459 | H14: =Overview!C10 -> 9.4861041 | I14: =G14/G26 -> 0.45940907 | J14: =Overview!AD10*Overview!$Z10/17*Results_energy_scenarios!$H14 -> #REF! | K14: =Overview!AE10*Overview!$Z10/17*Results_energy_scenarios!$H14 -> #REF! | L14: =Overview!AF10*Overview!$Z10/17*Results_energy_scenarios!$H14 -> #REF! | M14: =Overview!AG10*Overview!$Z10/17*Results_energy_scenarios!$H14 -> #REF! | N14: =Overview!AH10*Overview!$Z10/17*Results_energy_scenarios!$H14 -> #REF! | O14: =Overview!AI10*Overview!$Z10/17*Results_energy_scenarios!$H14 -> #REF! | P14: =Overview!AJ10*Overview!$Z10/17*Results_energy_scenarios!$H14 -> #REF! | Q14: =Overview!AK10*Overview!$Z10/17*Results_energy_scenarios!$H14 -> #REF! | ... Y14: =Overview!AS10*Overview!$Z10/17*Results_energy_scenarios!$H14 -> #REF! | Z14: =Overview!CP10*Overview!$Z10/17*Results_energy_scenarios!$H14 -> #REF! | AA14: =Overview!CQ10*Overview!$Z10/17*Results_energy_scenarios!$H14 -> #REF! | AB14: =Overview!CR10*Overview!$Z10/17*Results_energy_scenarios!$H14 -> #REF! | AC14: =Overview!CS10*Overview!$Z10/17*Results_energy_scenarios!$H14 -> #REF! | AD14: =Overview!CT10*Overview!$Z10/17*Results_energy_scenarios!$H14 -> #REF! | AE14: =Overview!CU10*Overview!$Z10/17*Results_energy_scenarios!$H14 -> #REF! | AF14: =Overview!CV10*Overview!$Z10/17*Results_energy_scenarios!$H14 -> #REF! | AG14: =Overview!CW10*Overview!$Z10/17*Results_energy_scenarios!$H14 -> #REF! | ... AO14: =Overview!DE10*Overview!$Z10/17*Results_energy_scenarios!$H14 -> #REF!
A15: EP2050+ | B15: Heat | C15: Building Heat | D15: Heat pump | G15: =energy_data_per_scenario!E27*1000 -> 19988 | H15: =Overview!C35/Overview!G35*Results_energy_scenarios!G15 -> 5.0274039 | I15: =G15/G26 -> 0.28061423 | J15: =Overview!AD35*Overview!$Z35/20*Results_energy_scenarios!$H15 -> #REF! | K15: =Overview!AE35*Overview!$Z35/20*Results_energy_scenarios!$H15 -> #REF! | L15: =Overview!AF35*Overview!$Z35/20*Results_energy_scenarios!$H15 -> #REF! | M15: =Overview!AG35*Overview!$Z35/20*Results_energy_scenarios!$H15 -> #REF! | N15: =Overview!AH35*Overview!$Z35/20*Results_energy_scenarios!$H15 -> #REF! | O15: =Overview!AI35*Overview!$Z35/20*Results_energy_scenarios!$H15 -> #REF! | P15: =Overview!AJ35*Overview!$Z35/20*Results_energy_scenarios!$H15 -> #REF! | Q15: =Overview!AK35*Overview!$Z35/20*Results_energy_scenarios!$H15 -> #REF! | ... Y15: =Overview!AS35*Overview!$Z35/20*Results_energy_scenarios!$H15 -> #REF! | Z15: =Overview!CP35*Overview!$Z35/20*Results_energy_scenarios!$H15 -> #REF! | AA15: =Overview!CQ35*Overview!$Z35/20*Results_energy_scenarios!$H15 -> #REF! | AB15: =Overview!CR35*Overview!$Z35/20*Results_energy_scenarios!$H15 -> #REF! | AC15: =Overview!CS35*Overview!$Z35/20*Results_energy_scenarios!$H15 -> #REF! | AD15: =Overview!CT35*Overview!$Z35/20*Results_energy_scenarios!$H15 -> #REF! | AE15: =Overview!CU35*Overview!$Z35/20*Results_energy_scenarios!$H15 -> #REF! | AF15: =Overview!CV35*Overview!$Z35/20*Results_energy_scenarios!$H15 -> #REF! | AG15: =Overview!CW35*Overview!$Z35/20*Results_energy_scenarios!$H15 -> #REF! | ... AO15: =Overview!DE35*Overview!$Z35/20*Results_energy_scenarios!$H15 -> #REF!
A16: EP2050+ | B16: Heat | C16: Building Heat | D16: Electr. Demand HP | G16: =5725/Overview!G35*Results_energy_scenarios!G15 -> 4692.026 | J16: =J$36*$G16 -> #REF! | K16: =K36*$G16 -> #REF! | L16: =L36*$G16 -> #REF! | M16: =M36*$G16 -> #REF! | N16: =N36*$G16 -> #REF! | O16: =O36*$G16 -> #REF! | P16: =P36*$G16 -> #REF! | Q16: =Q36*$G16 -> #REF! | R16: =R36*$G16 -> #REF! | ... AO16: =AO36*$G16 -> #REF!
A17: EP2050+ | B17: Heat | C17: Building Heat | D17: Methane boiler | G17: =Overview!G12 -> 0.0082304001 | H17: =Overview!C12 -> 2.3131806e-05 | J17: =Overview!AD12*Overview!$Z12/20*Results_energy_scenarios!$H17+Overview!AD15*Overview!$Z15*Results_energy_scenarios!$G17 -> #REF! | K17: =Overview!AE12*Overview!$Z12/20*Results_energy_scenarios!$H17+Overview!AE15*Overview!$Z15*Results_energy_scenarios!$G17 -> #REF! | L17: =Overview!AF12*Overview!$Z12/20*Results_energy_scenarios!$H17+Overview!AF15*Overview!$Z15*Results_energy_scenarios!$G17 -> #REF! | M17: =Overview!AG12*Overview!$Z12/20*Results_energy_scenarios!$H17+Overview!AG15*Overview!$Z15*Results_energy_scenarios!$G17 -> #REF! | N17: =Overview!AH12*Overview!$Z12/20*Results_energy_scenarios!$H17+Overview!AH15*Overview!$Z15*Results_energy_scenarios!$G17 -> #REF! | O17: =Overview!AI12*Overview!$Z12/20*Results_energy_scenarios!$H17+Overview!AI15*Overview!$Z15*Results_energy_scenarios!$G17 -> #REF! | P17: =Overview!AJ12*Overview!$Z12/20*Results_energy_scenarios!$H17+Overview!AJ15*Overview!$Z15*Results_energy_scenarios!$G17 -> #REF! | Q17: =Overview!AK12*Overview!$Z12/20*Results_energy_scenarios!$H17+Overview!AK15*Overview!$Z15*Results_energy_scenarios!$G17 -> #REF! | ... Y17: =Overview!AS12*Overview!$Z12/20*Results_energy_scenarios!$H17+Overview!AS15*Overview!$Z15*Results_energy_scenarios!$G17 -> #REF! | Z17: =Overview!CP12*Overview!$Z12/20*Results_energy_scenarios!$H17+Overview!CP15*Overview!$Z15*Results_energy_scenarios!$G17 -> #REF! | AA17: =Overview!CQ12*Overview!$Z12/20*Results_energy_scenarios!$H17+Overview!CQ15*Overview!$Z15*Results_energy_scenarios!$G17 -> #REF! | AB17: =Overview!CR12*Overview!$Z12/20*Results_energy_scenarios!$H17+Overview!CR15*Overview!$Z15*Results_energy_scenarios!$G17 -> #REF! | AC17: =Overview!CS12*Overview!$Z12/20*Results_energy_scenarios!$H17+Overview!CS15*Overview!$Z15*Results_energy_scenarios!$G17 -> #REF! | AD17: =Overview!CT12*Overview!$Z12/20*Results_energy_scenarios!$H17+Overview!CT15*Overview!$Z15*Results_energy_scenarios!$G17 -> #REF! | AE17: =Overview!CU12*Overview!$Z12/20*Results_energy_scenarios!$H17+Overview!CU15*Overview!$Z15*Results_energy_scenarios!$G17 -> #REF! | AF17: =Overview!CV12*Overview!$Z12/20*Results_energy_scenarios!$H17+Overview!CV15*Overview!$Z15*Results_energy_scenarios!$G17 -> #REF! | AG17: =Overview!CW12*Overview!$Z12/20*Results_energy_scenarios!$H17+Overview!CW15*Overview!$Z15*Results_energy_scenarios!$G17 -> #REF! | ... AO17: =Overview!DE12*Overview!$Z12/20*Results_energy_scenarios!$H17+Overview!DE15*Overview!$Z15*Results_energy_scenarios!$G17 -> #REF!
A18: EP2050+ | B18: Heat | C18: Building Heat | D18: CHP methane | G18: 2398 | H18: =Overview!C21 -> 0.67944059 | I18: =G18/G26 -> 0.033665846 | J18: =Overview!AD21*Overview!$Z21/20*Results_energy_scenarios!$H18 -> #REF! | K18: =Overview!AE21*Overview!$Z21/20*Results_energy_scenarios!$H18 -> #REF! | L18: =Overview!AF21*Overview!$Z21/20*Results_energy_scenarios!$H18 -> #REF! | M18: =Overview!AG21*Overview!$Z21/20*Results_energy_scenarios!$H18 -> #REF! | N18: =Overview!AH21*Overview!$Z21/20*Results_energy_scenarios!$H18 -> #REF! | O18: =Overview!AI21*Overview!$Z21/20*Results_energy_scenarios!$H18 -> #REF! | P18: =Overview!AJ21*Overview!$Z21/20*Results_energy_scenarios!$H18 -> #REF! | Q18: =Overview!AK21*Overview!$Z21/20*Results_energy_scenarios!$H18 -> #REF! | ... Y18: =Overview!AS21*Overview!$Z21/20*Results_energy_scenarios!$H18 -> #REF! | Z18: =Overview!CP21*Overview!$Z21/20*Results_energy_scenarios!$H18 -> #REF! | AA18: =Overview!CQ21*Overview!$Z21/20*Results_energy_scenarios!$H18 -> #REF! | AB18: =Overview!CR21*Overview!$Z21/20*Results_energy_scenarios!$H18 -> #REF! | AC18: =Overview!CS21*Overview!$Z21/20*Results_energy_scenarios!$H18 -> #REF! | AD18: =Overview!CT21*Overview!$Z21/20*Results_energy_scenarios!$H18 -> #REF! | AE18: =Overview!CU21*Overview!$Z21/20*Results_energy_scenarios!$H18 -> #REF! | AF18: =Overview!CV21*Overview!$Z21/20*Results_energy_scenarios!$H18 -> #REF! | AG18: =Overview!CW21*Overview!$Z21/20*Results_energy_scenarios!$H18 -> #REF! | ... AO18: =Overview!DE21*Overview!$Z21/20*Results_energy_scenarios!$H18 -> #REF!
A19: EP2050+ | B19: Heat | C19: Building Heat | D19: Methane | G19: 5330 | J19: =J3/$G3*$G19 -> #REF! | K19: =K3/$G3*$G19 -> #REF! | L19: =L3/$G3*$G19 -> #REF! | M19: =M3/$G3*$G19 -> #REF! | N19: =N3/$G3*$G19 -> #REF! | O19: =O3/$G3*$G19 -> #REF! | P19: =P3/$G3*$G19 -> #REF! | Q19: =Q3/$G3*$G19 -> #REF! | ... AO19: =AO3/$G3*$G19 -> #REF!
A20: EP2050+ | B20: Heat | C20: HT Heat | D20: Methane boiler | G20: =energy_data_per_scenario!E17*1000 -> 5702 | H20: =Overview!C13 -> 0.64918927 | I20: =G20/G26 -> 0.080051148 | J20: =Overview!AD13*Overview!$Z13/20*Results_energy_scenarios!$H20+Overview!AD14*Overview!$Z14*Results_energy_scenarios!$G20 -> #REF! | K20: =Overview!AE13*Overview!$Z13/20*Results_energy_scenarios!$H20+Overview!AE14*Overview!$Z14*Results_energy_scenarios!$G20 -> #REF! | L20: =Overview!AF13*Overview!$Z13/20*Results_energy_scenarios!$H20+Overview!AF14*Overview!$Z14*Results_energy_scenarios!$G20 -> #REF! | M20: =Overview!AG13*Overview!$Z13/20*Results_energy_scenarios!$H20+Overview!AG14*Overview!$Z14*Results_energy_scenarios!$G20 -> #REF! | N20: =Overview!AH13*Overview!$Z13/20*Results_energy_scenarios!$H20+Overview!AH14*Overview!$Z14*Results_energy_scenarios!$G20 -> #REF! | O20: =Overview!AI13*Overview!$Z13/20*Results_energy_scenarios!$H20+Overview!AI14*Overview!$Z14*Results_energy_scenarios!$G20 -> #REF! | P20: =Overview!AJ13*Overview!$Z13/20*Results_energy_scenarios!$H20+Overview!AJ14*Overview!$Z14*Results_energy_scenarios!$G20 -> #REF! | Q20: =Overview!AK13*Overview!$Z13/20*Results_energy_scenarios!$H20+Overview!AK14*Overview!$Z14*Results_energy_scenarios!$G20 -> #REF! | ... Y20: =Overview!AS13*Overview!$Z13/20*Results_energy_scenarios!$H20+Overview!AS14*Overview!$Z14*Results_energy_scenarios!$G20 -> #REF! | Z20: =Overview!CP13*Overview!$Z13/20*Results_energy_scenarios!$H20+Overview!CP14*Overview!$Z14*Results_energy_scenarios!$G20 -> #REF! | AA20: =Overview!CQ13*Overview!$Z13/20*Results_energy_scenarios!$H20+Overview!CQ14*Overview!$Z14*Results_energy_scenarios!$G20 -> #REF! | AB20: =Overview!CR13*Overview!$Z13/20*Results_energy_scenarios!$H20+Overview!CR14*Overview!$Z14*Results_energy_scenarios!$G20 -> #REF! | AC20: =Overview!CS13*Overview!$Z13/20*Results_energy_scenarios!$H20+Overview!CS14*Overview!$Z14*Results_energy_scenarios!$G20 -> #REF! | AD20: =Overview!CT13*Overview!$Z13/20*Results_energy_scenarios!$H20+Overview!CT14*Overview!$Z14*Results_energy_scenarios!$G20 -> #REF! | AE20: =Overview!CU13*Overview!$Z13/20*Results_energy_scenarios!$H20+Overview!CU14*Overview!$Z14*Results_energy_scenarios!$G20 -> #REF! | AF20: =Overview!CV13*Overview!$Z13/20*Results_energy_scenarios!$H20+Overview!CV14*Overview!$Z14*Results_energy_scenarios!$G20 -> #REF! | AG20: =Overview!CW13*Overview!$Z13/20*Results_energy_scenarios!$H20+Overview!CW14*Overview!$Z14*Results_energy_scenarios!$G20 -> #REF! | ... AO20: =Overview!DE13*Overview!$Z13/20*Results_energy_scenarios!$H20+Overview!DE14*Overview!$Z14*Results_energy_scenarios!$G20 -> #REF!
A21: EP2050+ | B21: Heat | C21: HT Heat | D21: Methane | G21: 6151 | J21: =J3/$G3*$G21 -> #REF! | K21: =K3/$G3*$G21 -> #REF! | L21: =L3/$G3*$G21 -> #REF! | M21: =M3/$G3*$G21 -> #REF! | N21: =N3/$G3*$G21 -> #REF! | O21: =O3/$G3*$G21 -> #REF! | P21: =P3/$G3*$G21 -> #REF! | Q21: =Q3/$G3*$G21 -> #REF! | ... AO21: =AO3/$G3*$G21 -> #REF!
A22: EP2050+ | B22: Heat | C22: MT Heat | D22: CHP waste | G22: =energy_data_per_scenario!E20*1000 -> 6050 | H22: =Overview!C22/(G22+G29)*G22 -> 0.21199738 | I22: =G22/G26 -> 0.084936767 | J22: =Overview!$Z22/25*Overview!AD22*Results_energy_scenarios!$H22 -> #REF! | K22: =Overview!$Z22/25*Overview!AE22*Results_energy_scenarios!$H22 -> #REF! | L22: =Overview!$Z22/25*Overview!AF22*Results_energy_scenarios!$H22 -> #REF! | M22: =Overview!$Z22/25*Overview!AG22*Results_energy_scenarios!$H22 -> #REF! | N22: =Overview!$Z22/25*Overview!AH22*Results_energy_scenarios!$H22 -> #REF! | O22: =Overview!$Z22/25*Overview!AI22*Results_energy_scenarios!$H22 -> #REF! | P22: =Overview!$Z22/25*Overview!AJ22*Results_energy_scenarios!$H22 -> #REF! | Q22: =Overview!$Z22/25*Overview!AK22*Results_energy_scenarios!$H22 -> #REF! | ... Y22: =Overview!$Z22/25*Overview!AS22*Results_energy_scenarios!$H22 -> #REF! | Z22: =Overview!$Z22/25*Overview!CP22*Results_energy_scenarios!$H22 -> #REF! | AA22: =Overview!$Z22/25*Overview!CQ22*Results_energy_scenarios!$H22 -> #REF! | AB22: =Overview!$Z22/25*Overview!CR22*Results_energy_scenarios!$H22 -> #REF! | AC22: =Overview!$Z22/25*Overview!CS22*Results_energy_scenarios!$H22 -> #REF! | AD22: =Overview!$Z22/25*Overview!CT22*Results_energy_scenarios!$H22 -> #REF! | AE22: =Overview!$Z22/25*Overview!CU22*Results_energy_scenarios!$H22 -> #REF! | AF22: =Overview!$Z22/25*Overview!CV22*Results_energy_scenarios!$H22 -> #REF! | AG22: =Overview!$Z22/25*Overview!CW22*Results_energy_scenarios!$H22 -> #REF! | ... AO22: =Overview!$Z22/25*Overview!DE22*Results_energy_scenarios!$H22 -> #REF!
A23: EP2050+ | B23: Heat | C23: MT Heat | D23: Biofuel boiler industry | G23: 77 | H23: =Overview!C41 -> 0.0089813167 | I23: =G23/G26 -> 0.0010810134 | J23: =Overview!AD41*Overview!$Z41/17*Results_energy_scenarios!$H23 -> #REF! | K23: =Overview!AE41*Overview!$Z41/17*Results_energy_scenarios!$H23 -> #REF! | L23: =Overview!AF41*Overview!$Z41/17*Results_energy_scenarios!$H23 -> #REF! | M23: =Overview!AG41*Overview!$Z41/17*Results_energy_scenarios!$H23 -> #REF! | N23: =Overview!AH41*Overview!$Z41/17*Results_energy_scenarios!$H23 -> #REF! | O23: =Overview!AI41*Overview!$Z41/17*Results_energy_scenarios!$H23 -> #REF! | P23: =Overview!AJ41*Overview!$Z41/17*Results_energy_scenarios!$H23 -> #REF! | Q23: =Overview!AK41*Overview!$Z41/17*Results_energy_scenarios!$H23 -> #REF! | ... Y23: =Overview!AS41*Overview!$Z41/17*Results_energy_scenarios!$H23 -> #REF! | Z23: =Overview!CP41*Overview!$Z41/17*Results_energy_scenarios!$H23 -> #REF! | AA23: =Overview!CQ41*Overview!$Z41/17*Results_energy_scenarios!$H23 -> #REF! | AB23: =Overview!CR41*Overview!$Z41/17*Results_energy_scenarios!$H23 -> #REF! | AC23: =Overview!CS41*Overview!$Z41/17*Results_energy_scenarios!$H23 -> #REF! | AD23: =Overview!CT41*Overview!$Z41/17*Results_energy_scenarios!$H23 -> #REF! | AE23: =Overview!CU41*Overview!$Z41/17*Results_energy_scenarios!$H23 -> #REF! | AF23: =Overview!CV41*Overview!$Z41/17*Results_energy_scenarios!$H23 -> #REF! | AG23: =Overview!CW41*Overview!$Z41/17*Results_energy_scenarios!$H23 -> #REF! | ... AO23: =Overview!DE41*Overview!$Z41/17*Results_energy_scenarios!$H23 -> #REF!
A24: EP2050+ | B24: Heat | C24: MT Heat | D24: Biofuel | G24: =Overview!G7 -> 89 | J24: =$G24*Overview!AD7*Overview!$Z7 -> #REF! | K24: =$G24*Overview!AE7*Overview!$Z7 -> #REF! | L24: =$G24*Overview!AF7*Overview!$Z7 -> #REF! | M24: =$G24*Overview!AG7*Overview!$Z7 -> #REF! | N24: =$G24*Overview!AH7*Overview!$Z7 -> #REF! | O24: =$G24*Overview!AI7*Overview!$Z7 -> #REF! | P24: =$G24*Overview!AJ7*Overview!$Z7 -> #REF! | Q24: =$G24*Overview!AK7*Overview!$Z7 -> #REF! | ... Y24: =$G24*Overview!AS7*Overview!$Z7 -> #REF! | Z24: =$G24*Overview!CP7*Overview!$Z7 -> #REF! | AA24: =$G24*Overview!CQ7*Overview!$Z7 -> #REF! | AB24: =$G24*Overview!CR7*Overview!$Z7 -> #REF! | AC24: =$G24*Overview!CS7*Overview!$Z7 -> #REF! | AD24: =$G24*Overview!CT7*Overview!$Z7 -> #REF! | AE24: =$G24*Overview!CU7*Overview!$Z7 -> #REF! | AF24: =$G24*Overview!CV7*Overview!$Z7 -> #REF! | AG24: =$G24*Overview!CW7*Overview!$Z7 -> #REF! | ... AO24: =$G24*Overview!DE7*Overview!$Z7 -> #REF!
A25: EP2050+ | B25: Heat | C25: LT Heat | D25: Heat pump | G25: =energy_data_per_scenario!E22*1000 -> 4291 | H25: =Overview!C35/Overview!G35*Results_energy_scenarios!G25 -> 1.0792771 | I25: =G25/G26 -> 0.060241928 | J25: =Overview!AD35*Overview!$Z35/20*Results_energy_scenarios!$H25 -> #REF! | K25: =Overview!AE35*Overview!$Z35/20*Results_energy_scenarios!$H25 -> #REF! | L25: =Overview!AF35*Overview!$Z35/20*Results_energy_scenarios!$H25 -> #REF! | M25: =Overview!AG35*Overview!$Z35/20*Results_energy_scenarios!$H25 -> #REF! | N25: =Overview!AH35*Overview!$Z35/20*Results_energy_scenarios!$H25 -> #REF! | O25: =Overview!AI35*Overview!$Z35/20*Results_energy_scenarios!$H25 -> #REF! | P25: =Overview!AJ35*Overview!$Z35/20*Results_energy_scenarios!$H25 -> #REF! | Q25: =Overview!AK35*Overview!$Z35/20*Results_energy_scenarios!$H25 -> #REF! | ... Y25: =Overview!AS35*Overview!$Z35/20*Results_energy_scenarios!$H25 -> #REF! | Z25: =Overview!CP35*Overview!$Z35/20*Results_energy_scenarios!$H25 -> #REF! | AA25: =Overview!CQ35*Overview!$Z35/20*Results_energy_scenarios!$H25 -> #REF! | AB25: =Overview!CR35*Overview!$Z35/20*Results_energy_scenarios!$H25 -> #REF! | AC25: =Overview!CS35*Overview!$Z35/20*Results_energy_scenarios!$H25 -> #REF! | AD25: =Overview!CT35*Overview!$Z35/20*Results_energy_scenarios!$H25 -> #REF! | AE25: =Overview!CU35*Overview!$Z35/20*Results_energy_scenarios!$H25 -> #REF! | AF25: =Overview!CV35*Overview!$Z35/20*Results_energy_scenarios!$H25 -> #REF! | AG25: =Overview!CW35*Overview!$Z35/20*Results_energy_scenarios!$H25 -> #REF! | ... AO25: =Overview!DE35*Overview!$Z35/20*Results_energy_scenarios!$H25 -> #REF!
A26: EP2050+ | B26: Heat | C26: Total | G26: =G14+G15+G18+G20+G22+G23+G25 -> 71229.459 | I26: =SUM(I14:I25) -> 1 | J26: =SUM(J13:J25) -> #REF! | K26: =SUM(K13:K25) -> #REF! | L26: =SUM(L13:L25) -> #REF! | M26: =SUM(M13:M25) -> #REF! | N26: =SUM(N13:N25) -> #REF! | O26: =SUM(O13:O25) -> #REF! | P26: =SUM(P13:P25) -> #REF! | Q26: =SUM(Q13:Q25) -> #REF! | ... AO26: =SUM(AO13:AO25) -> #REF!
A27: EP2050+ | B27: Heat | C27: Total per GWh | G27: 1 | J27: =J26/$G26 -> #REF! | K27: =K26/$G26 -> #REF! | L27: =L26/$G26 -> #REF! | M27: =M26/$G26 -> #REF! | N27: =N26/$G26 -> #REF! | O27: =O26/$G26 -> #REF! | P27: =P26/$G26 -> #REF! | Q27: =Q26/$G26 -> #REF! | ... AO27: =AO26/$G26 -> #REF!
A28: EP2050+ | B28: Electricity | C28: Electricity | D28: Battery | G28: =Overview!C4 -> 0.00011810939 | J28: =Overview!AD4*$G28/10*Overview!$Z4 -> #REF! | K28: =Overview!AE4*$G28/10*Overview!$Z4 -> #REF! | L28: =Overview!AF4*$G28/10*Overview!$Z4 -> #REF! | M28: =Overview!AG4*$G28/10*Overview!$Z4 -> #REF! | N28: =Overview!AH4*$G28/10*Overview!$Z4 -> #REF! | O28: =Overview!AI4*$G28/10*Overview!$Z4 -> #REF! | P28: =Overview!AJ4*$G28/10*Overview!$Z4 -> #REF! | Q28: =Overview!AK4*$G28/10*Overview!$Z4 -> #REF! | ... Y28: =Overview!AS4*$G28/10*Overview!$Z4 -> #REF! | Z28: =Overview!CP4*$G28/10*Overview!$Z4 -> #REF! | AA28: =Overview!CQ4*$G28/10*Overview!$Z4 -> #REF! | AB28: =Overview!CR4*$G28/10*Overview!$Z4 -> #REF! | AC28: =Overview!CS4*$G28/10*Overview!$Z4 -> #REF! | AD28: =Overview!CT4*$G28/10*Overview!$Z4 -> #REF! | AE28: =Overview!CU4*$G28/10*Overview!$Z4 -> #REF! | AF28: =Overview!CV4*$G28/10*Overview!$Z4 -> #REF! | AG28: =Overview!CW4*$G28/10*Overview!$Z4 -> #REF! | ... AO28: =Overview!DE4*$G28/10*Overview!$Z4 -> #REF!
A29: EP2050+ | B29: Electricity | C29: Electricity | D29: CHP waste | G29: =energy_data_per_scenario!E4*1000 -> 2688.9987 | H29: =Overview!C22/(G22+G29)*G29 -> 0.094224908 | I29: =G29/G$35 -> 0.034152522 | J29: =Overview!AD22*Overview!$Z22/25*Results_energy_scenarios!$H29 -> #REF! | K29: =Overview!AE22*Overview!$Z22/25*Results_energy_scenarios!$H29 -> #REF! | L29: =Overview!AF22*Overview!$Z22/25*Results_energy_scenarios!$H29 -> #REF! | M29: =Overview!AG22*Overview!$Z22/25*Results_energy_scenarios!$H29 -> #REF! | N29: =Overview!AH22*Overview!$Z22/25*Results_energy_scenarios!$H29 -> #REF! | O29: =Overview!AI22*Overview!$Z22/25*Results_energy_scenarios!$H29 -> #REF! | P29: =Overview!AJ22*Overview!$Z22/25*Results_energy_scenarios!$H29 -> #REF! | Q29: =Overview!AK22*Overview!$Z22/25*Results_energy_scenarios!$H29 -> #REF! | ... Y29: =Overview!AS22*Overview!$Z22/25*Results_energy_scenarios!$H29 -> #REF! | Z29: =Overview!CP22*Overview!$Z22/25*Results_energy_scenarios!$H29 -> #REF! | AA29: =Overview!CQ22*Overview!$Z22/25*Results_energy_scenarios!$H29 -> #REF! | AB29: =Overview!CR22*Overview!$Z22/25*Results_energy_scenarios!$H29 -> #REF! | AC29: =Overview!CS22*Overview!$Z22/25*Results_energy_scenarios!$H29 -> #REF! | AD29: =Overview!CT22*Overview!$Z22/25*Results_energy_scenarios!$H29 -> #REF! | AE29: =Overview!CU22*Overview!$Z22/25*Results_energy_scenarios!$H29 -> #REF! | AF29: =Overview!CV22*Overview!$Z22/25*Results_energy_scenarios!$H29 -> #REF! | AG29: =Overview!CW22*Overview!$Z22/25*Results_energy_scenarios!$H29 -> #REF! | ... AO29: =Overview!DE22*Overview!$Z22/25*Results_energy_scenarios!$H29 -> #REF!
A30: EP2050+ | B30: Electricity | C30: Electricity | D30: Roof PV | G30: =energy_data_per_scenario!E9*1000 -> 33610 | H30: =Overview!C47 -> 37.511653 | I30: =G30/G$35 -> 0.42687497 | J30: =Overview!AD47*Overview!$Z47/30*Results_energy_scenarios!$H30 -> #REF! | K30: =Overview!AE47*Overview!$Z47/30*Results_energy_scenarios!$H30 -> #REF! | L30: =Overview!AF47*Overview!$Z47/30*Results_energy_scenarios!$H30 -> #REF! | M30: =Overview!AG47*Overview!$Z47/30*Results_energy_scenarios!$H30 -> #REF! | N30: =Overview!AH47*Overview!$Z47/30*Results_energy_scenarios!$H30 -> #REF! | O30: =Overview!AI47*Overview!$Z47/30*Results_energy_scenarios!$H30 -> #REF! | P30: =Overview!AJ47*Overview!$Z47/30*Results_energy_scenarios!$H30 -> #REF! | Q30: =Overview!AK47*Overview!$Z47/30*Results_energy_scenarios!$H30 -> #REF! | ... Y30: =Overview!AS47*Overview!$Z47/30*Results_energy_scenarios!$H30 -> #REF! | Z30: =Overview!CP47*Overview!$Z47/30*Results_energy_scenarios!$H30 -> #REF! | AA30: =Overview!CQ47*Overview!$Z47/30*Results_energy_scenarios!$H30 -> #REF! | AB30: =Overview!CR47*Overview!$Z47/30*Results_energy_scenarios!$H30 -> #REF! | AC30: =Overview!CS47*Overview!$Z47/30*Results_energy_scenarios!$H30 -> #REF! | AD30: =Overview!CT47*Overview!$Z47/30*Results_energy_scenarios!$H30 -> #REF! | AE30: =Overview!CU47*Overview!$Z47/30*Results_energy_scenarios!$H30 -> #REF! | AF30: =Overview!CV47*Overview!$Z47/30*Results_energy_scenarios!$H30 -> #REF! | AG30: =Overview!CW47*Overview!$Z47/30*Results_energy_scenarios!$H30 -> #REF! | ... AO30: =Overview!DE47*Overview!$Z47/30*Results_energy_scenarios!$H30 -> #REF!
A31: EP2050+ | B31: Electricity | C31: Electricity | D31: Hydro Reservoir | G31: =energy_data_per_scenario!E6*1000 -> 16050 | H31: =Overview!C55 -> 8.97631 | I31: =G31/G$35 -> 0.20384836 | J31: =Overview!AD55*Overview!$Z55*Results_energy_scenarios!$G31 -> #REF! | K31: =Overview!AE55*Overview!$Z55*Results_energy_scenarios!$G31 -> #REF! | L31: =Overview!AF55*Overview!$Z55*Results_energy_scenarios!$G31 -> #REF! | M31: =Overview!AG55*Overview!$Z55*Results_energy_scenarios!$G31 -> #REF! | N31: =Overview!AH55*Overview!$Z55*Results_energy_scenarios!$G31 -> #REF! | O31: =Overview!AI55*Overview!$Z55*Results_energy_scenarios!$G31 -> #REF! | P31: =Overview!AJ55*Overview!$Z55*Results_energy_scenarios!$G31 -> #REF! | Q31: =Overview!AK55*Overview!$Z55*Results_energy_scenarios!$G31 -> #REF! | ... Y31: =Overview!AS55*Overview!$Z55*Results_energy_scenarios!$G31 -> #REF! | Z31: =Overview!CP55*Overview!$Z55*Results_energy_scenarios!$G31 -> #REF! | AA31: =Overview!CQ55*Overview!$Z55*Results_energy_scenarios!$G31 -> #REF! | AB31: =Overview!CR55*Overview!$Z55*Results_energy_scenarios!$G31 -> #REF! | AC31: =Overview!CS55*Overview!$Z55*Results_energy_scenarios!$G31 -> #REF! | AD31: =Overview!CT55*Overview!$Z55*Results_energy_scenarios!$G31 -> #REF! | AE31: =Overview!CU55*Overview!$Z55*Results_energy_scenarios!$G31 -> #REF! | AF31: =Overview!CV55*Overview!$Z55*Results_energy_scenarios!$G31 -> #REF! | AG31: =Overview!CW55*Overview!$Z55*Results_energy_scenarios!$G31 -> #REF! | ... AO31: =Overview!DE55*Overview!$Z55*Results_energy_scenarios!$G31 -> #REF!
A32: EP2050+ | B32: Electricity | C32: Electricity | D32: Hydro Run Of | G32: =energy_data_per_scenario!E7*1000 -> 15490 | H32: =Overview!C54 -> 4.0666798 | I32: =G32/G$35 -> 0.19673589 | J32: =Overview!AD54*Overview!$Z54*Results_energy_scenarios!$G32 -> #REF! | K32: =Overview!AE54*Overview!$Z54*Results_energy_scenarios!$G32 -> #REF! | L32: =Overview!AF54*Overview!$Z54*Results_energy_scenarios!$G32 -> #REF! | M32: =Overview!AG54*Overview!$Z54*Results_energy_scenarios!$G32 -> #REF! | N32: =Overview!AH54*Overview!$Z54*Results_energy_scenarios!$G32 -> #REF! | O32: =Overview!AI54*Overview!$Z54*Results_energy_scenarios!$G32 -> #REF! | P32: =Overview!AJ54*Overview!$Z54*Results_energy_scenarios!$G32 -> #REF! | Q32: =Overview!AK54*Overview!$Z54*Results_energy_scenarios!$G32 -> #REF! | ... Y32: =Overview!AS54*Overview!$Z54*Results_energy_scenarios!$G32 -> #REF! | Z32: =Overview!CP54*Overview!$Z54*Results_energy_scenarios!$G32 -> #REF! | AA32: =Overview!CQ54*Overview!$Z54*Results_energy_scenarios!$G32 -> #REF! | AB32: =Overview!CR54*Overview!$Z54*Results_energy_scenarios!$G32 -> #REF! | AC32: =Overview!CS54*Overview!$Z54*Results_energy_scenarios!$G32 -> #REF! | AD32: =Overview!CT54*Overview!$Z54*Results_energy_scenarios!$G32 -> #REF! | AE32: =Overview!CU54*Overview!$Z54*Results_energy_scenarios!$G32 -> #REF! | AF32: =Overview!CV54*Overview!$Z54*Results_energy_scenarios!$G32 -> #REF! | AG32: =Overview!CW54*Overview!$Z54*Results_energy_scenarios!$G32 -> #REF! | ... AO32: =Overview!DE54*Overview!$Z54*Results_energy_scenarios!$G32 -> #REF!
A33: EP2050+ | B33: Electricity | C33: Electricity | D33: Wind | G33: =energy_data_per_scenario!E11*1000 -> 4040 | H33: =Overview!C50 -> 2.2227404 | I33: =G33/G$35 -> 0.051311362 | J33: =Overview!AD50*Overview!$Z50*Results_energy_scenarios!$G33 -> #REF! | K33: =Overview!AE50*Overview!$Z50*Results_energy_scenarios!$G33 -> #REF! | L33: =Overview!AF50*Overview!$Z50*Results_energy_scenarios!$G33 -> #REF! | M33: =Overview!AG50*Overview!$Z50*Results_energy_scenarios!$G33 -> #REF! | N33: =Overview!AH50*Overview!$Z50*Results_energy_scenarios!$G33 -> #REF! | O33: =Overview!AI50*Overview!$Z50*Results_energy_scenarios!$G33 -> #REF! | P33: =Overview!AJ50*Overview!$Z50*Results_energy_scenarios!$G33 -> #REF! | Q33: =Overview!AK50*Overview!$Z50*Results_energy_scenarios!$G33 -> #REF! | ... Y33: =Overview!AS50*Overview!$Z50*Results_energy_scenarios!$G33 -> #REF! | Z33: =Overview!CP50*Overview!$Z50*Results_energy_scenarios!$G33 -> #REF! | AA33: =Overview!CQ50*Overview!$Z50*Results_energy_scenarios!$G33 -> #REF! | AB33: =Overview!CR50*Overview!$Z50*Results_energy_scenarios!$G33 -> #REF! | AC33: =Overview!CS50*Overview!$Z50*Results_energy_scenarios!$G33 -> #REF! | AD33: =Overview!CT50*Overview!$Z50*Results_energy_scenarios!$G33 -> #REF! | AE33: =Overview!CU50*Overview!$Z50*Results_energy_scenarios!$G33 -> #REF! | AF33: =Overview!CV50*Overview!$Z50*Results_energy_scenarios!$G33 -> #REF! | AG33: =Overview!CW50*Overview!$Z50*Results_energy_scenarios!$G33 -> #REF! | ... AO33: =Overview!DE50*Overview!$Z50*Results_energy_scenarios!$G33 -> #REF!
A34: EP2050+ | B34: Electricity | C34: Electricity | D34: Net Electr. Imports | G34: =Overview!G36 -> 6856 | I34: =G34/G$35 -> 0.087076905 | J34: =Overview!AD36*Overview!$Z36*Results_energy_scenarios!$G34 -> #REF! | K34: =Overview!AE36*Overview!$Z36*Results_energy_scenarios!$G34 -> #REF! | L34: =Overview!AF36*Overview!$Z36*Results_energy_scenarios!$G34 -> #REF! | M34: =Overview!AG36*Overview!$Z36*Results_energy_scenarios!$G34 -> #REF! | N34: =Overview!AH36*Overview!$Z36*Results_energy_scenarios!$G34 -> #REF! | O34: =Overview!AI36*Overview!$Z36*Results_energy_scenarios!$G34 -> #REF! | P34: =Overview!AJ36*Overview!$Z36*Results_energy_scenarios!$G34 -> #REF! | Q34: =Overview!AK36*Overview!$Z36*Results_energy_scenarios!$G34 -> #REF! | ... Y34: =Overview!AS36*Overview!$Z36*Results_energy_scenarios!$G34 -> #REF! | Z34: =Overview!CP36*Overview!$Z36*Results_energy_scenarios!$G34 -> #REF! | AA34: =Overview!CQ36*Overview!$Z36*Results_energy_scenarios!$G34 -> #REF! | AB34: =Overview!CR36*Overview!$Z36*Results_energy_scenarios!$G34 -> #REF! | AC34: =Overview!CS36*Overview!$Z36*Results_energy_scenarios!$G34 -> #REF! | AD34: =Overview!CT36*Overview!$Z36*Results_energy_scenarios!$G34 -> #REF! | AE34: =Overview!CU36*Overview!$Z36*Results_energy_scenarios!$G34 -> #REF! | AF34: =Overview!CV36*Overview!$Z36*Results_energy_scenarios!$G34 -> #REF! | AG34: =Overview!CW36*Overview!$Z36*Results_energy_scenarios!$G34 -> #REF! | ... AO34: =Overview!DE36*Overview!$Z36*Results_energy_scenarios!$G34 -> #REF!
A35: EP2050+ | B35: Electricity | C35: Total | G35: =SUM(G29:G34) -> 78734.999 | I35: =SUM(I29:I34) -> 1 | J35: =SUM(J28:J34) -> #REF! | K35: =SUM(K28:K34) -> #REF! | L35: =SUM(L28:L34) -> #REF! | M35: =SUM(M28:M34) -> #REF! | N35: =SUM(N28:N34) -> #REF! | O35: =SUM(O28:O34) -> #REF! | P35: =SUM(P28:P34) -> #REF! | Q35: =SUM(Q28:Q34) -> #REF! | ... AO35: =SUM(AO28:AO34) -> #REF!
A36: EP2050+ | B36: Electricity | C36: Total per GWh | G36: 1 | J36: =J35/$G35 -> #REF! | K36: =K35/($G35) -> #REF! | L36: =L35/($G35) -> #REF! | M36: =M35/($G35) -> #REF! | N36: =N35/($G35) -> #REF! | O36: =O35/($G35) -> #REF! | P36: =P35/($G35) -> #REF! | Q36: =Q35/($G35) -> #REF! | R36: =R35/($G35) -> #REF! | ... AO36: =AO35/($G35) -> #REF!
A37: EP2050+ | B37: Transport | C37: Light Transport | D37: EV | E37: =energy_data_per_scenario!E24*1000 -> 74790 | I37: =E37/E49 -> 0.95896853 | J37: =Overview!AD42*Overview!$AA42*Results_energy_scenarios!$E37 -> #REF! | K37: =Overview!AE42*Overview!$AA42*Results_energy_scenarios!$E37 -> #REF! | L37: =Overview!AF42*Overview!$AA42*Results_energy_scenarios!$E37 -> #REF! | M37: =Overview!AG42*Overview!$AA42*Results_energy_scenarios!$E37 -> #REF! | N37: =Overview!AH42*Overview!$AA42*Results_energy_scenarios!$E37 -> #REF! | O37: =Overview!AI42*Overview!$AA42*Results_energy_scenarios!$E37 -> #REF! | P37: =Overview!AJ42*Overview!$AA42*Results_energy_scenarios!$E37 -> #REF! | Q37: =Overview!AK42*Overview!$AA42*Results_energy_scenarios!$E37 -> #REF! | ... Y37: =Overview!AS42*Overview!$AA42*Results_energy_scenarios!$E37 -> #REF! | Z37: =Overview!CP42*Overview!$AA42*Results_energy_scenarios!$E37 -> #REF! | AA37: =Overview!CQ42*Overview!$AA42*Results_energy_scenarios!$E37 -> #REF! | AB37: =Overview!CR42*Overview!$AA42*Results_energy_scenarios!$E37 -> #REF! | AC37: =Overview!CS42*Overview!$AA42*Results_energy_scenarios!$E37 -> #REF! | AD37: =Overview!CT42*Overview!$AA42*Results_energy_scenarios!$E37 -> #REF! | AE37: =Overview!CU42*Overview!$AA42*Results_energy_scenarios!$E37 -> #REF! | AF37: =Overview!CV42*Overview!$AA42*Results_energy_scenarios!$E37 -> #REF! | AG37: =Overview!CW42*Overview!$AA42*Results_energy_scenarios!$E37 -> #REF! | ... AO37: =Overview!DE42*Overview!$AA42*Results_energy_scenarios!$E37 -> #REF!
